date,hours_over_100,avg_penetration,max_penetration,avg_oversupply_pct
2020-01-01,0,36.48,60.51,0.0
2020-01-02,0,36.31,59.55,0.0
2020-01-03,0,32.13,58.3,0.0
2020-01-04,0,37.62,66.17,0.0
2020-01-05,0,39.38,67.99,0.0
2020-01-06,0,33.59,60.02,0.0
2020-01-07,0,31.23,50.74,0.0
2020-01-08,0,43.5,65.04,0.0
2020-01-09,0,41.85,64.09,0.0
2020-01-10,0,34.9,62.2,0.0
2020-01-11,0,41.91,66.27,0.0
2020-01-12,0,43.49,65.93,0.0
2020-01-13,0,46.43,75.25,0.0
2020-01-14,0,45.74,71.18,0.0
2020-01-15,0,33.55,55.31,0.0
2020-01-16,0,35.56,59.47,0.0
2020-01-17,0,33.98,55.25,0.0
2020-01-18,0,29.54,50.03,0.0
2020-01-19,0,29.17,50.28,0.0
2020-01-20,0,25.3,38.21,0.0
2020-01-21,0,36.72,63.31,0.0
2020-01-22,0,37.85,62.98,0.0
2020-01-23,0,32.64,59.04,0.0
2020-01-24,0,36.82,64.38,0.0
2020-01-25,0,36.14,60.37,0.0
2020-01-26,0,42.15,72.15,0.0
2020-01-27,0,48.55,77.19,0.0
2020-01-28,0,44.62,72.9,0.0
2020-01-29,0,38.3,64.83,0.0
2020-01-30,0,33.27,57.33,0.0
2020-01-31,0,34.84,59.67,0.0
2020-02-01,0,33.74,59.27,0.0
2020-02-02,0,42.85,78.14,0.0
2020-02-03,0,42.46,71.59,0.0
2020-02-04,0,38.33,68.26,0.0
2020-02-05,0,32.77,59.0,0.0
2020-02-06,0,33.57,59.49,0.0
2020-02-07,0,33.55,60.8,0.0
2020-02-08,0,40.99,68.05,0.0
2020-02-09,0,46.29,71.98,0.0
2020-02-10,0,43.2,73.92,0.0
2020-02-11,0,37.52,68.7,0.0
2020-02-12,0,35.18,65.44,0.0
2020-02-13,0,32.97,63.82,0.0
2020-02-14,0,30.45,59.18,0.0
2020-02-15,0,34.57,63.34,0.0
2020-02-16,0,42.39,68.74,0.0
2020-02-17,0,43.54,75.59,0.0
2020-02-18,0,35.23,64.78,0.0
2020-02-19,0,35.72,65.95,0.0
2020-02-20,0,36.39,68.59,0.0
2020-02-21,0,32.58,58.36,0.0
2020-02-22,0,38.99,64.48,0.0
2020-02-23,0,49.17,76.68,0.0
2020-02-24,0,44.3,74.66,0.0
2020-02-25,0,40.03,73.07,0.0
2020-02-26,0,39.62,73.71,0.0
2020-02-27,0,35.48,67.19,0.0
2020-02-28,0,32.71,62.24,0.0
2020-02-29,0,41.82,70.47,0.0
2020-03-01,0,44.32,66.03,0.0
2020-03-02,0,47.82,84.08,0.0
2020-03-03,0,40.79,72.79,0.0
2020-03-04,0,39.48,71.66,0.0
2020-03-05,0,40.71,71.79,0.0
2020-03-06,0,43.65,75.62,0.0
2020-03-07,0,40.63,72.51,0.0
2020-03-08,0,40.87,72.13,0.0
2020-03-09,0,36.02,63.48,0.0
2020-03-10,0,31.29,50.49,0.0
2020-03-11,0,31.66,57.51,0.0
2020-03-12,0,31.99,46.47,0.0
2020-03-13,0,42.09,71.01,0.0
2020-03-14,0,39.34,67.0,0.0
2020-03-15,0,40.16,69.56,0.0
2020-03-16,0,33.59,48.9,0.0
2020-03-17,0,38.17,65.14,0.0
2020-03-18,0,39.72,62.78,0.0
2020-03-19,0,39.13,62.56,0.0
2020-03-20,0,34.16,61.77,0.0
2020-03-21,0,35.87,62.37,0.0
2020-03-22,0,40.69,69.45,0.0
2020-03-23,0,48.88,80.82,0.0
2020-03-24,0,46.23,74.36,0.0
2020-03-25,0,46.77,75.0,0.0
2020-03-26,0,51.35,76.39,0.0
2020-03-27,0,55.77,81.34,0.0
2020-03-28,0,43.8,68.49,0.0
2020-03-29,0,50.3,76.59,0.0
2020-03-30,0,53.29,80.99,0.0
2020-03-31,0,51.05,80.82,0.0
2020-04-01,0,52.68,78.03,0.0
2020-04-02,0,58.25,84.37,0.0
2020-04-03,0,57.14,80.39,0.0
2020-04-04,0,55.1,84.23,0.0
2020-04-05,0,43.21,67.59,0.0
2020-04-06,0,42.03,69.23,0.0
2020-04-07,0,37.66,63.34,0.0
2020-04-08,0,35.01,52.78,0.0
2020-04-09,0,34.08,54.42,0.0
2020-04-10,0,34.53,56.72,0.0
2020-04-11,0,47.99,69.04,0.0
2020-04-12,0,50.64,76.0,0.0
2020-04-13,0,55.46,85.03,0.0
2020-04-14,0,47.28,78.03,0.0
2020-04-15,0,52.17,82.21,0.0
2020-04-16,0,53.83,78.94,0.0
2020-04-17,0,51.27,82.7,0.0
2020-04-18,0,55.38,88.2,0.0
2020-04-19,0,55.73,80.0,0.0
2020-04-20,0,56.39,81.63,0.0
2020-04-21,0,61.27,89.24,0.0
2020-04-22,0,52.26,82.98,0.0
2020-04-23,0,58.4,94.54,0.0
2020-04-24,0,52.13,82.52,0.0
2020-04-25,0,47.08,75.78,0.0
2020-04-26,0,54.47,88.17,0.0
2020-04-27,0,61.58,95.33,0.0
2020-04-28,0,49.61,79.15,0.0
2020-04-29,0,48.3,79.35,0.0
2020-04-30,0,56.64,85.21,0.0
2020-05-01,0,53.28,84.25,0.0
2020-05-02,0,60.04,94.0,0.0
2020-05-03,0,54.66,86.39,0.0
2020-05-04,0,54.91,81.36,0.0
2020-05-05,0,52.87,78.78,0.0
2020-05-06,0,57.22,89.11,0.0
2020-05-07,0,49.78,80.9,0.0
2020-05-08,0,48.92,77.69,0.0
2020-05-09,0,45.48,72.29,0.0
2020-05-10,0,52.92,85.11,0.0
2020-05-11,0,53.29,88.62,0.0
2020-05-12,0,55.26,88.87,0.0
2020-05-13,0,56.47,87.72,0.0
2020-05-14,0,54.06,87.16,0.0
2020-05-15,0,55.47,86.31,0.0
2020-05-16,0,48.76,75.98,0.0
2020-05-17,0,49.81,80.27,0.0
2020-05-18,0,51.13,85.63,0.0
2020-05-19,0,53.65,76.96,0.0
2020-05-20,0,51.16,74.12,0.0
2020-05-21,0,51.57,80.09,0.0
2020-05-22,0,58.93,92.78,0.0
2020-05-23,0,50.83,79.98,0.0
2020-05-24,0,47.44,73.2,0.0
2020-05-25,0,49.5,80.39,0.0
2020-05-26,0,50.6,78.44,0.0
2020-05-27,0,53.75,79.51,0.0
2020-05-28,0,52.68,80.22,0.0
2020-05-29,0,47.24,72.87,0.0
2020-05-30,0,48.93,74.82,0.0
2020-05-31,0,46.11,69.37,0.0
2020-06-01,0,43.03,66.92,0.0
2020-06-02,0,39.59,63.63,0.0
2020-06-03,0,46.57,73.56,0.0
2020-06-04,0,50.66,78.5,0.0
2020-06-05,0,51.4,80.66,0.0
2020-06-06,0,52.68,76.92,0.0
2020-06-07,0,47.27,70.02,0.0
2020-06-08,0,48.73,73.44,0.0
2020-06-09,0,46.18,73.92,0.0
2020-06-10,0,47.62,72.34,0.0
2020-06-11,0,49.31,78.04,0.0
2020-06-12,0,52.92,83.42,0.0
2020-06-13,0,55.27,83.55,0.0
2020-06-14,0,52.35,80.02,0.0
2020-06-15,0,58.71,87.77,0.0
2020-06-16,0,62.17,94.83,0.0
2020-06-17,0,53.88,79.36,0.0
2020-06-18,0,55.99,82.26,0.0
2020-06-19,0,53.05,76.34,0.0
2020-06-20,0,56.42,80.96,0.0
2020-06-21,0,55.34,85.31,0.0
2020-06-22,0,53.45,76.92,0.0
2020-06-23,0,53.98,79.48,0.0
2020-06-24,0,50.05,75.79,0.0
2020-06-25,0,45.04,67.77,0.0
2020-06-26,0,44.61,67.06,0.0
2020-06-27,0,52.53,80.89,0.0
2020-06-28,0,52.49,85.09,0.0
2020-06-29,0,56.08,89.67,0.0
2020-06-30,0,50.52,79.06,0.0
2020-07-01,0,47.46,75.66,0.0
2020-07-02,0,47.17,74.59,0.0
2020-07-03,0,47.09,73.09,0.0
2020-07-04,0,48.94,75.7,0.0
2020-07-05,0,50.76,75.46,0.0
2020-07-06,0,53.14,81.14,0.0
2020-07-07,0,48.94,73.84,0.0
2020-07-08,0,58.53,86.33,0.0
2020-07-09,0,57.8,83.07,0.0
2020-07-10,0,50.26,74.28,0.0
2020-07-11,0,49.46,76.13,0.0
2020-07-12,0,52.32,78.2,0.0
2020-07-13,0,53.16,84.41,0.0
2020-07-14,0,54.01,84.09,0.0
2020-07-15,0,45.31,68.27,0.0
2020-07-16,0,51.62,78.85,0.0
2020-07-17,0,48.89,79.99,0.0
2020-07-18,0,44.8,71.51,0.0
2020-07-19,0,50.23,80.7,0.0
2020-07-20,0,56.25,84.87,0.0
2020-07-21,0,47.38,72.17,0.0
2020-07-22,0,39.14,67.48,0.0
2020-07-23,0,41.4,68.91,0.0
2020-07-24,0,46.93,74.29,0.0
2020-07-25,0,44.48,70.56,0.0
2020-07-26,0,41.57,66.6,0.0
2020-07-27,0,44.4,71.84,0.0
2020-07-28,0,45.87,70.56,0.0
2020-07-29,0,41.19,65.96,0.0
2020-07-30,0,41.44,69.4,0.0
2020-07-31,0,41.88,67.21,0.0
2020-08-01,0,45.29,72.22,0.0
2020-08-02,0,49.39,78.88,0.0
2020-08-03,0,49.02,77.19,0.0
2020-08-04,0,50.33,78.39,0.0
2020-08-05,0,52.59,81.18,0.0
2020-08-06,0,50.56,79.11,0.0
2020-08-07,0,47.49,70.35,0.0
2020-08-08,0,44.43,69.03,0.0
2020-08-09,0,42.66,66.52,0.0
2020-08-10,0,44.58,70.18,0.0
2020-08-11,0,44.71,71.87,0.0
2020-08-12,0,40.46,64.83,0.0
2020-08-13,0,32.94,54.9,0.0
2020-08-14,0,31.13,54.42,0.0
2020-08-15,0,28.35,44.75,0.0
2020-08-16,0,31.46,54.47,0.0
2020-08-17,0,29.98,49.42,0.0
2020-08-18,0,28.24,47.33,0.0
2020-08-19,0,32.61,51.5,0.0
2020-08-20,0,34.12,49.92,0.0
2020-08-21,0,28.83,45.16,0.0
2020-08-22,0,32.05,51.58,0.0
2020-08-23,0,31.27,50.0,0.0
2020-08-24,0,32.67,56.44,0.0
2020-08-25,0,35.11,58.26,0.0
2020-08-26,0,36.47,58.68,0.0
2020-08-27,0,37.52,57.41,0.0
2020-08-28,0,37.01,62.18,0.0
2020-08-29,0,41.22,67.4,0.0
2020-08-30,0,40.79,65.75,0.0
2020-08-31,0,41.6,67.65,0.0
2020-09-01,0,45.68,73.09,0.0
2020-09-02,0,45.88,70.91,0.0
2020-09-03,0,43.31,67.0,0.0
2020-09-04,0,36.64,59.94,0.0
2020-09-05,0,30.22,55.52,0.0
2020-09-06,0,29.25,49.59,0.0
2020-09-07,0,30.38,52.21,0.0
2020-09-08,0,30.53,50.21,0.0
2020-09-09,0,31.91,56.13,0.0
2020-09-10,0,27.71,49.97,0.0
2020-09-11,0,27.59,50.7,0.0
2020-09-12,0,31.65,61.1,0.0
2020-09-13,0,34.04,63.11,0.0
2020-09-14,0,30.9,55.56,0.0
2020-09-15,0,27.94,49.31,0.0
2020-09-16,0,28.85,49.58,0.0
2020-09-17,0,31.12,55.5,0.0
2020-09-18,0,35.74,62.81,0.0
2020-09-19,0,32.84,53.56,0.0
2020-09-20,0,30.47,53.45,0.0
2020-09-21,0,29.73,49.73,0.0
2020-09-22,0,42.35,69.72,0.0
2020-09-23,0,34.08,53.26,0.0
2020-09-24,0,35.08,55.71,0.0
2020-09-25,0,36.46,55.81,0.0
2020-09-26,0,43.63,67.69,0.0
2020-09-27,0,33.72,61.7,0.0
2020-09-28,0,34.23,62.5,0.0
2020-09-29,0,30.36,57.29,0.0
2020-09-30,0,28.9,51.22,0.0
2020-10-01,0,30.01,55.83,0.0
2020-10-02,0,30.99,55.55,0.0
2020-10-03,0,29.06,55.33,0.0
2020-10-04,0,27.73,53.9,0.0
2020-10-05,0,26.71,52.23,0.0
2020-10-06,0,24.68,47.6,0.0
2020-10-07,0,31.99,59.94,0.0
2020-10-08,0,38.68,67.11,0.0
2020-10-09,0,40.09,67.64,0.0
2020-10-10,0,40.07,66.66,0.0
2020-10-11,0,33.85,57.95,0.0
2020-10-12,0,26.2,51.5,0.0
2020-10-13,0,26.35,52.27,0.0
2020-10-14,0,24.7,49.28,0.0
2020-10-15,0,21.64,46.44,0.0
2020-10-16,0,20.22,45.55,0.0
2020-10-17,0,22.9,49.77,0.0
2020-10-18,0,24.49,49.12,0.0
2020-10-19,0,28.58,57.45,0.0
2020-10-20,0,24.26,51.28,0.0
2020-10-21,0,23.56,51.67,0.0
2020-10-22,0,29.99,59.28,0.0
2020-10-23,0,25.48,50.05,0.0
2020-10-24,0,26.9,49.35,0.0
2020-10-25,0,36.42,65.22,0.0
2020-10-26,0,27.57,58.81,0.0
2020-10-27,0,15.26,36.44,0.0
2020-10-28,0,17.4,40.81,0.0
2020-10-29,0,18.36,41.25,0.0
2020-10-30,0,19.97,44.11,0.0
2020-10-31,0,19.78,43.15,0.0
2020-11-01,0,23.07,54.72,0.0
2020-11-02,0,26.01,56.11,0.0
2020-11-03,0,28.21,53.96,0.0
2020-11-04,0,27.82,57.56,0.0
2020-11-05,0,22.2,46.9,0.0
2020-11-06,0,23.9,40.91,0.0
2020-11-07,0,26.09,44.65,0.0
2020-11-08,0,28.34,46.72,0.0
2020-11-09,0,27.1,50.46,0.0
2020-11-10,0,23.69,46.87,0.0
2020-11-11,0,23.07,45.15,0.0
2020-11-12,0,23.32,47.63,0.0
2020-11-13,0,38.3,71.09,0.0
2020-11-14,0,37.59,66.62,0.0
2020-11-15,0,32.85,68.3,0.0
2020-11-16,0,31.25,63.1,0.0
2020-11-17,0,31.77,63.67,0.0
2020-11-18,0,38.69,70.22,0.0
2020-11-19,0,38.55,68.92,0.0
2020-11-20,0,26.1,48.18,0.0
2020-11-21,0,28.06,57.13,0.0
2020-11-22,0,32.13,58.98,0.0
2020-11-23,0,43.01,73.4,0.0
2020-11-24,0,32.76,62.83,0.0
2020-11-25,0,30.48,56.67,0.0
2020-11-26,0,32.54,60.14,0.0
2020-11-27,0,27.84,50.19,0.0
2020-11-28,0,28.56,55.51,0.0
2020-11-29,0,37.41,71.58,0.0
2020-11-30,0,32.32,61.88,0.0
2020-12-01,0,36.44,64.75,0.0
2020-12-02,0,31.15,57.67,0.0
2020-12-03,0,26.18,52.55,0.0
2020-12-04,0,25.92,52.4,0.0
2020-12-05,0,26.27,53.57,0.0
2020-12-06,0,23.01,46.56,0.0
2020-12-07,0,26.71,48.9,0.0
2020-12-08,0,22.05,37.65,0.0
2020-12-09,0,22.3,41.32,0.0
2020-12-10,0,34.76,62.24,0.0
2020-12-11,0,27.6,47.78,0.0
2020-12-12,0,26.93,50.16,0.0
2020-12-13,0,21.91,36.64,0.0
2020-12-14,0,37.54,66.89,0.0
2020-12-15,0,28.55,55.12,0.0
2020-12-16,0,26.0,52.57,0.0
2020-12-17,0,31.41,54.69,0.0
2020-12-18,0,31.31,59.79,0.0
2020-12-19,0,28.22,57.82,0.0
2020-12-20,0,25.65,53.67,0.0
2020-12-21,0,25.95,51.98,0.0
2020-12-22,0,33.35,58.58,0.0
2020-12-23,0,29.46,57.21,0.0
2020-12-24,0,19.42,29.92,0.0
2020-12-25,0,28.55,54.9,0.0
2020-12-26,0,33.79,60.04,0.0
2020-12-27,0,23.66,45.34,0.0
2020-12-28,0,25.66,43.79,0.0
2020-12-29,0,29.27,61.41,0.0
2020-12-30,0,28.86,55.53,0.0
2020-12-31,0,35.09,66.66,0.0
2021-01-01,0,30.17,60.29,0.0
2021-01-02,0,32.1,62.4,0.0
2021-01-03,0,31.85,57.35,0.0
2021-01-04,0,34.95,65.67,0.0
2021-01-05,0,33.8,61.95,0.0
2021-01-06,0,29.86,54.98,0.0
2021-01-07,0,26.14,49.74,0.0
2021-01-08,0,30.95,60.0,0.0
2021-01-09,0,31.47,62.87,0.0
2021-01-10,0,28.08,60.1,0.0
2021-01-11,0,29.38,60.32,0.0
2021-01-12,0,25.41,49.35,0.0
2021-01-13,0,32.82,56.35,0.0
2021-01-14,0,34.9,61.86,0.0
2021-01-15,0,35.96,63.62,0.0
2021-01-16,0,37.67,70.88,0.0
2021-01-17,0,38.76,69.41,0.0
2021-01-18,0,45.71,80.65,0.0
2021-01-19,0,46.22,73.65,0.0
2021-01-20,0,37.45,65.9,0.0
2021-01-21,0,38.94,71.58,0.0
2021-01-22,0,38.95,66.29,0.0
2021-01-23,0,35.28,55.79,0.0
2021-01-24,0,42.86,72.87,0.0
2021-01-25,0,43.74,67.55,0.0
2021-01-26,0,44.5,74.6,0.0
2021-01-27,0,32.45,49.7,0.0
2021-01-28,0,30.93,50.43,0.0
2021-01-29,0,37.24,62.41,0.0
2021-01-30,0,35.34,65.91,0.0
2021-01-31,0,32.84,61.86,0.0
2021-02-01,0,31.88,57.26,0.0
2021-02-02,0,37.81,65.37,0.0
2021-02-03,0,49.25,81.75,0.0
2021-02-04,0,38.87,73.18,0.0
2021-02-05,0,35.87,66.92,0.0
2021-02-06,0,33.68,65.45,0.0
2021-02-07,0,35.73,65.39,0.0
2021-02-08,0,39.83,70.55,0.0
2021-02-09,0,37.6,60.09,0.0
2021-02-10,0,44.28,74.27,0.0
2021-02-11,0,37.91,61.32,0.0
2021-02-12,0,45.28,79.21,0.0
2021-02-13,0,46.22,74.9,0.0
2021-02-14,0,44.5,75.72,0.0
2021-02-15,0,41.83,71.96,0.0
2021-02-16,0,47.14,79.94,0.0
2021-02-17,0,43.68,80.77,0.0
2021-02-18,0,37.27,71.95,0.0
2021-02-19,0,44.02,80.48,0.0
2021-02-20,0,48.82,80.14,0.0
2021-02-21,0,40.81,76.82,0.0
2021-02-22,0,39.56,77.37,0.0
2021-02-23,0,40.94,76.51,0.0
2021-02-24,0,51.04,90.78,0.0
2021-02-25,0,41.96,78.28,0.0
2021-02-26,0,42.41,77.73,0.0
2021-02-27,0,47.54,83.83,0.0
2021-02-28,0,41.96,77.7,0.0
2021-03-01,0,38.54,78.34,0.0
2021-03-02,0,37.38,73.11,0.0
2021-03-03,0,32.98,50.71,0.0
2021-03-04,0,40.9,75.99,0.0
2021-03-05,0,38.99,75.8,0.0
2021-03-06,0,45.46,70.38,0.0
2021-03-07,0,37.05,59.06,0.0
2021-03-08,0,53.91,94.88,0.0
2021-03-09,0,47.95,86.77,0.0
2021-03-10,0,37.24,68.51,0.0
2021-03-11,0,32.41,56.72,0.0
2021-03-12,0,36.78,67.35,0.0
2021-03-13,0,48.47,76.2,0.0
2021-03-14,0,48.48,82.52,0.0
2021-03-15,0,44.72,72.13,0.0
2021-03-16,0,47.4,78.87,0.0
2021-03-17,0,35.57,66.61,0.0
2021-03-18,0,32.37,61.04,0.0
2021-03-19,0,37.21,60.25,0.0
2021-03-20,0,48.42,76.88,0.0
2021-03-21,0,41.02,60.17,0.0
2021-03-22,0,42.04,69.95,0.0
2021-03-23,0,41.94,72.0,0.0
2021-03-24,0,38.24,63.14,0.0
2021-03-25,0,46.99,71.86,0.0
2021-03-26,0,44.12,77.22,0.0
2021-03-27,0,40.5,73.62,0.0
2021-03-28,0,38.29,68.17,0.0
2021-03-29,0,48.36,79.24,0.0
2021-03-30,0,43.66,73.59,0.0
2021-03-31,0,37.93,72.09,0.0
2021-04-01,0,36.23,67.29,0.0
2021-04-02,0,49.16,88.28,0.0
2021-04-03,0,51.12,88.64,0.0
2021-04-04,0,50.74,83.26,0.0
2021-04-05,0,55.44,90.65,0.0
2021-04-06,0,52.16,81.51,0.0
2021-04-07,0,51.81,86.18,0.0
2021-04-08,0,53.06,84.87,0.0
2021-04-09,0,55.12,90.0,0.0
2021-04-10,0,46.54,74.8,0.0
2021-04-11,0,40.14,61.04,0.0
2021-04-12,0,44.85,73.94,0.0
2021-04-13,0,48.76,78.54,0.0
2021-04-14,0,43.54,74.77,0.0
2021-04-15,0,44.74,74.24,0.0
2021-04-16,0,48.87,83.47,0.0
2021-04-17,0,42.01,75.44,0.0
2021-04-18,0,44.68,80.3,0.0
2021-04-19,0,53.42,88.15,0.0
2021-04-20,0,55.63,90.9,0.0
2021-04-21,0,56.63,95.74,0.0
2021-04-22,0,58.12,93.92,0.0
2021-04-23,0,58.51,94.4,0.0
2021-04-24,0,55.71,89.93,0.0
2021-04-25,0,49.9,79.62,0.0
2021-04-26,0,50.35,80.64,0.0
2021-04-27,0,55.3,83.95,0.0
2021-04-28,0,55.51,87.03,0.0
2021-04-29,0,52.44,85.15,0.0
2021-04-30,0,52.41,85.03,0.0
2021-05-01,0,58.54,92.44,0.0
2021-05-02,0,59.59,91.19,0.0
2021-05-03,0,59.23,92.81,0.0
2021-05-04,0,48.35,80.11,0.0
2021-05-05,0,49.08,77.9,0.0
2021-05-06,0,54.73,85.81,0.0
2021-05-07,0,60.39,92.39,0.0
2021-05-08,0,54.43,76.43,0.0
2021-05-09,0,57.16,88.78,0.0
2021-05-10,0,57.67,83.16,0.0
2021-05-11,0,49.73,76.32,0.0
2021-05-12,0,48.62,76.51,0.0
2021-05-13,0,53.54,84.24,0.0
2021-05-14,0,58.72,91.82,0.0
2021-05-15,0,55.24,85.47,0.0
2021-05-16,0,58.67,91.88,0.0
2021-05-17,3,67.14,101.38,0.79
2021-05-18,1,63.12,100.23,0.23
2021-05-19,0,63.45,98.97,0.0
2021-05-20,0,61.25,94.23,0.0
2021-05-21,0,58.74,91.18,0.0
2021-05-22,0,53.87,75.87,0.0
2021-05-23,0,53.65,76.5,0.0
2021-05-24,0,56.93,87.34,0.0
2021-05-25,0,55.34,81.81,0.0
2021-05-26,0,53.89,82.74,0.0
2021-05-27,0,59.06,88.6,0.0
2021-05-28,0,57.75,82.09,0.0
2021-05-29,0,57.1,87.58,0.0
2021-05-30,0,56.32,85.03,0.0
2021-05-31,0,51.17,79.66,0.0
2021-06-01,0,48.64,77.32,0.0
2021-06-02,0,52.55,80.68,0.0
2021-06-03,0,50.02,74.95,0.0
2021-06-04,0,53.07,80.92,0.0
2021-06-05,0,55.38,84.48,0.0
2021-06-06,0,57.92,91.2,0.0
2021-06-07,0,56.07,86.7,0.0
2021-06-08,0,59.73,89.66,0.0
2021-06-09,0,54.67,86.77,0.0
2021-06-10,0,57.69,86.87,0.0
2021-06-11,0,58.52,86.21,0.0
2021-06-12,0,51.88,74.37,0.0
2021-06-13,0,52.98,80.36,0.0
2021-06-14,0,51.56,78.01,0.0
2021-06-15,0,45.07,70.81,0.0
2021-06-16,0,37.94,60.53,0.0
2021-06-17,0,37.1,58.35,0.0
2021-06-18,0,36.83,55.75,0.0
2021-06-19,0,40.89,64.78,0.0
2021-06-20,0,50.05,77.19,0.0
2021-06-21,0,50.98,79.56,0.0
2021-06-22,0,43.41,70.99,0.0
2021-06-23,0,41.99,68.97,0.0
2021-06-24,0,44.38,70.71,0.0
2021-06-25,0,49.13,75.29,0.0
2021-06-26,0,49.74,75.4,0.0
2021-06-27,0,46.8,70.34,0.0
2021-06-28,0,42.83,65.86,0.0
2021-06-29,0,41.68,65.8,0.0
2021-06-30,0,41.5,71.14,0.0
2021-07-01,0,41.99,68.48,0.0
2021-07-02,0,38.01,59.22,0.0
2021-07-03,0,39.07,62.3,0.0
2021-07-04,0,45.02,74.43,0.0
2021-07-05,0,50.14,77.9,0.0
2021-07-06,0,53.33,81.11,0.0
2021-07-07,0,47.61,72.32,0.0
2021-07-08,0,41.29,65.74,0.0
2021-07-09,0,48.04,72.07,0.0
2021-07-10,0,42.28,63.98,0.0
2021-07-11,0,43.87,67.25,0.0
2021-07-12,0,45.22,70.23,0.0
2021-07-13,0,43.48,71.53,0.0
2021-07-14,0,43.91,70.13,0.0
2021-07-15,0,43.97,71.4,0.0
2021-07-16,0,44.17,69.63,0.0
2021-07-17,0,40.03,65.05,0.0
2021-07-18,0,32.77,52.75,0.0
2021-07-19,0,37.77,61.4,0.0
2021-07-20,0,41.98,67.26,0.0
2021-07-21,0,43.85,66.83,0.0
2021-07-22,0,34.98,59.48,0.0
2021-07-23,0,34.05,55.07,0.0
2021-07-24,0,35.28,54.52,0.0
2021-07-25,0,40.48,61.84,0.0
2021-07-26,0,33.43,56.92,0.0
2021-07-27,0,37.12,64.47,0.0
2021-07-28,0,38.5,60.57,0.0
2021-07-29,0,38.87,60.37,0.0
2021-07-30,0,33.05,54.82,0.0
2021-07-31,0,38.15,63.43,0.0
2021-08-01,0,42.05,65.46,0.0
2021-08-02,0,42.4,67.19,0.0
2021-08-03,0,42.16,66.03,0.0
2021-08-04,0,42.59,67.4,0.0
2021-08-05,0,44.82,72.07,0.0
2021-08-06,0,47.65,76.32,0.0
2021-08-07,0,39.05,65.76,0.0
2021-08-08,0,40.5,66.63,0.0
2021-08-09,0,45.74,72.42,0.0
2021-08-10,0,42.05,65.96,0.0
2021-08-11,0,34.79,58.51,0.0
2021-08-12,0,38.78,63.29,0.0
2021-08-13,0,51.24,77.77,0.0
2021-08-14,0,37.28,54.88,0.0
2021-08-15,0,38.65,58.85,0.0
2021-08-16,0,47.04,73.1,0.0
2021-08-17,0,48.87,78.36,0.0
2021-08-18,0,48.87,75.78,0.0
2021-08-19,0,45.91,72.0,0.0
2021-08-20,0,44.38,67.92,0.0
2021-08-21,0,52.29,80.33,0.0
2021-08-22,0,44.13,70.18,0.0
2021-08-23,0,47.54,76.68,0.0
2021-08-24,0,45.12,71.47,0.0
2021-08-25,0,47.59,75.25,0.0
2021-08-26,0,46.23,72.58,0.0
2021-08-27,0,44.71,75.93,0.0
2021-08-28,0,40.23,68.7,0.0
2021-08-29,0,39.69,65.31,0.0
2021-08-30,0,46.4,73.05,0.0
2021-08-31,0,41.64,58.17,0.0
2021-09-01,0,50.04,77.12,0.0
2021-09-02,0,52.74,81.57,0.0
2021-09-03,0,49.46,78.16,0.0
2021-09-04,0,39.18,65.27,0.0
2021-09-05,0,46.4,77.39,0.0
2021-09-06,0,46.55,75.17,0.0
2021-09-07,0,39.58,63.07,0.0
2021-09-08,0,39.0,62.97,0.0
2021-09-09,0,38.0,62.65,0.0
2021-09-10,0,42.51,68.61,0.0
2021-09-11,0,42.33,66.75,0.0
2021-09-12,0,42.89,68.55,0.0
2021-09-13,0,47.56,76.28,0.0
2021-09-14,0,48.35,75.71,0.0
2021-09-15,0,52.08,81.51,0.0
2021-09-16,0,52.85,77.97,0.0
2021-09-17,0,47.79,71.51,0.0
2021-09-18,0,52.63,83.63,0.0
2021-09-19,0,60.88,91.68,0.0
2021-09-20,0,52.79,83.24,0.0
2021-09-21,0,45.36,73.93,0.0
2021-09-22,0,45.94,75.82,0.0
2021-09-23,0,39.55,57.05,0.0
2021-09-24,0,35.35,57.81,0.0
2021-09-25,0,39.28,61.29,0.0
2021-09-26,0,50.17,68.78,0.0
2021-09-27,0,64.68,95.01,0.0
2021-09-28,0,51.72,81.43,0.0
2021-09-29,0,51.4,76.29,0.0
2021-09-30,0,50.19,80.41,0.0
2021-10-01,0,43.89,77.6,0.0
2021-10-02,0,40.75,72.62,0.0
2021-10-03,0,40.23,71.57,0.0
2021-10-04,0,37.86,61.84,0.0
2021-10-05,0,44.02,70.98,0.0
2021-10-06,0,47.19,75.04,0.0
2021-10-07,0,39.8,63.78,0.0
2021-10-08,0,49.42,74.19,0.0
2021-10-09,0,42.31,61.81,0.0
2021-10-10,0,50.05,80.19,0.0
2021-10-11,0,59.74,89.77,0.0
2021-10-12,0,52.13,80.56,0.0
2021-10-13,0,48.67,73.32,0.0
2021-10-14,0,50.32,84.6,0.0
2021-10-15,0,47.27,82.74,0.0
2021-10-16,0,39.93,72.51,0.0
2021-10-17,0,42.64,78.59,0.0
2021-10-18,0,53.03,82.25,0.0
2021-10-19,0,40.68,69.6,0.0
2021-10-20,0,37.27,64.13,0.0
2021-10-21,0,36.79,65.22,0.0
2021-10-22,0,42.17,76.62,0.0
2021-10-23,0,51.26,79.57,0.0
2021-10-24,0,46.23,72.73,0.0
2021-10-25,0,45.26,73.61,0.0
2021-10-26,0,43.94,72.04,0.0
2021-10-27,0,39.42,71.54,0.0
2021-10-28,0,41.04,71.52,0.0
2021-10-29,0,39.02,68.84,0.0
2021-10-30,0,46.15,75.56,0.0
2021-10-31,0,47.69,74.25,0.0
2021-11-01,0,41.86,61.36,0.0
2021-11-02,0,44.56,75.97,0.0
2021-11-03,0,39.39,71.95,0.0
2021-11-04,0,50.2,83.47,0.0
2021-11-05,0,46.69,77.1,0.0
2021-11-06,0,51.8,83.98,0.0
2021-11-07,0,57.2,87.21,0.0
2021-11-08,0,47.82,77.12,0.0
2021-11-09,0,51.72,78.04,0.0
2021-11-10,0,50.92,81.17,0.0
2021-11-11,0,44.82,77.66,0.0
2021-11-12,0,45.23,78.66,0.0
2021-11-13,0,41.79,70.89,0.0
2021-11-14,0,41.57,74.47,0.0
2021-11-15,0,42.72,71.67,0.0
2021-11-16,0,45.54,72.74,0.0
2021-11-17,0,40.17,68.33,0.0
2021-11-18,0,35.69,60.29,0.0
2021-11-19,0,41.05,63.83,0.0
2021-11-20,0,40.57,63.96,0.0
2021-11-21,0,41.79,70.12,0.0
2021-11-22,0,44.13,73.95,0.0
2021-11-23,0,46.68,72.56,0.0
2021-11-24,0,49.69,77.33,0.0
2021-11-25,0,43.92,71.62,0.0
2021-11-26,0,43.91,70.71,0.0
2021-11-27,0,43.17,72.13,0.0
2021-11-28,0,42.54,71.4,0.0
2021-11-29,0,43.49,72.08,0.0
2021-11-30,0,40.92,69.61,0.0
2021-12-01,0,39.13,66.11,0.0
2021-12-02,0,40.38,66.56,0.0
2021-12-03,0,41.44,66.28,0.0
2021-12-04,0,38.55,58.28,0.0
2021-12-05,0,41.53,61.98,0.0
2021-12-06,0,42.65,58.86,0.0
2021-12-07,0,36.87,49.76,0.0
2021-12-08,0,42.99,69.04,0.0
2021-12-09,0,42.61,55.32,0.0
2021-12-10,0,42.35,61.95,0.0
2021-12-11,0,41.68,66.92,0.0
2021-12-12,0,39.82,60.17,0.0
2021-12-13,0,39.59,53.03,0.0
2021-12-14,0,41.55,54.31,0.0
2021-12-15,0,40.96,61.34,0.0
2021-12-16,0,39.08,57.96,0.0
2021-12-17,0,37.14,59.82,0.0
2021-12-18,0,40.03,62.3,0.0
2021-12-19,0,40.46,62.47,0.0
2021-12-20,0,35.49,53.75,0.0
2021-12-21,0,32.3,45.02,0.0
2021-12-22,0,34.89,50.3,0.0
2021-12-23,0,41.73,54.26,0.0
2021-12-24,0,47.55,72.71,0.0
2021-12-25,0,48.83,70.94,0.0
2021-12-26,0,54.14,73.0,0.0
2021-12-27,0,49.87,69.08,0.0
2021-12-28,0,51.81,71.98,0.0
2021-12-29,0,44.8,66.26,0.0
2021-12-30,0,40.06,56.38,0.0
2021-12-31,0,48.79,75.26,0.0
2022-01-01,0,45.63,68.87,0.0
2022-01-02,0,42.55,66.74,0.0
2022-01-03,0,46.13,70.49,0.0
2022-01-04,0,50.8,76.97,0.0
2022-01-05,0,46.84,74.74,0.0
2022-01-06,0,42.97,69.83,0.0
2022-01-07,0,52.61,74.73,0.0
2022-01-08,0,50.05,71.73,0.0
2022-01-09,0,45.84,73.26,0.0
2022-01-10,0,40.44,64.82,0.0
2022-01-11,0,44.18,72.08,0.0
2022-01-12,0,39.2,63.49,0.0
2022-01-13,0,36.98,52.82,0.0
2022-01-14,0,51.11,72.92,0.0
2022-01-15,0,36.24,51.66,0.0
2022-01-16,0,43.08,70.92,0.0
2022-01-17,0,43.95,66.94,0.0
2022-01-18,0,55.02,83.4,0.0
2022-01-19,0,46.99,73.49,0.0
2022-01-20,0,44.14,73.08,0.0
2022-01-21,0,55.02,86.46,0.0
2022-01-22,0,50.86,80.23,0.0
2022-01-23,0,45.76,76.55,0.0
2022-01-24,0,49.91,78.8,0.0
2022-01-25,0,49.1,79.65,0.0
2022-01-26,0,44.93,77.11,0.0
2022-01-27,0,46.27,78.25,0.0
2022-01-28,0,43.73,69.98,0.0
2022-01-29,0,38.77,55.66,0.0
2022-01-30,0,48.48,79.01,0.0
2022-01-31,0,45.99,63.74,0.0
2022-02-01,0,52.33,76.06,0.0
2022-02-02,0,54.01,86.55,0.0
2022-02-03,0,44.91,74.57,0.0
2022-02-04,0,47.21,77.89,0.0
2022-02-05,0,48.8,77.05,0.0
2022-02-06,0,49.37,80.02,0.0
2022-02-07,0,51.38,83.69,0.0
2022-02-08,0,50.11,82.69,0.0
2022-02-09,0,50.44,83.08,0.0
2022-02-10,0,53.31,86.66,0.0
2022-02-11,0,51.65,83.84,0.0
2022-02-12,0,51.27,84.17,0.0
2022-02-13,0,52.17,87.61,0.0
2022-02-14,0,60.54,93.81,0.0
2022-02-15,0,64.31,88.5,0.0
2022-02-16,0,61.95,90.51,0.0
2022-02-17,0,50.6,79.96,0.0
2022-02-18,0,49.1,79.52,0.0
2022-02-19,0,45.33,71.36,0.0
2022-02-20,0,50.88,68.24,0.0
2022-02-21,0,65.28,96.08,0.0
2022-02-22,0,59.81,85.0,0.0
2022-02-23,0,54.27,83.88,0.0
2022-02-24,0,45.14,73.5,0.0
2022-02-25,0,44.97,74.05,0.0
2022-02-26,0,40.71,66.98,0.0
2022-02-27,0,44.47,68.86,0.0
2022-02-28,0,54.69,86.94,0.0
2022-03-01,0,50.88,81.78,0.0
2022-03-02,0,46.19,77.09,0.0
2022-03-03,0,49.06,77.24,0.0
2022-03-04,0,56.75,86.95,0.0
2022-03-05,0,59.49,83.24,0.0
2022-03-06,0,58.8,81.35,0.0
2022-03-07,0,53.83,90.73,0.0
2022-03-08,0,51.84,82.56,0.0
2022-03-09,0,58.91,91.87,0.0
2022-03-10,0,57.64,93.88,0.0
2022-03-11,0,51.71,82.72,0.0
2022-03-12,0,50.54,77.05,0.0
2022-03-13,0,51.86,74.33,0.0
2022-03-14,0,58.43,86.27,0.0
2022-03-15,0,60.65,91.99,0.0
2022-03-16,0,62.62,95.53,0.0
2022-03-17,0,55.48,81.42,0.0
2022-03-18,0,56.32,88.67,0.0
2022-03-19,0,48.78,73.24,0.0
2022-03-20,0,60.61,83.38,0.0
2022-03-21,0,62.92,94.5,0.0
2022-03-22,0,55.06,88.17,0.0
2022-03-23,0,53.75,85.84,0.0
2022-03-24,0,57.32,92.42,0.0
2022-03-25,0,57.0,91.11,0.0
2022-03-26,0,53.71,90.05,0.0
2022-03-27,0,57.65,94.39,0.0
2022-03-28,0,45.62,70.98,0.0
2022-03-29,3,67.99,101.1,0.83
2022-03-30,0,61.61,89.94,0.0
2022-03-31,0,61.22,92.09,0.0
2022-04-01,0,57.23,90.95,0.0
2022-04-02,0,56.38,83.53,0.0
2022-04-03,0,63.88,97.01,0.0
2022-04-04,0,70.02,98.1,0.0
2022-04-05,0,59.65,91.16,0.0
2022-04-06,0,54.68,90.07,0.0
2022-04-07,0,50.58,86.91,0.0
2022-04-08,0,55.24,87.78,0.0
2022-04-09,0,58.49,93.22,0.0
2022-04-10,0,61.01,87.54,0.0
2022-04-11,0,66.52,99.05,0.0
2022-04-12,0,58.62,82.62,0.0
2022-04-13,0,53.26,81.04,0.0
2022-04-14,0,61.24,85.72,0.0
2022-04-15,0,63.56,95.98,0.0
2022-04-16,0,58.61,85.43,0.0
2022-04-17,0,54.9,77.31,0.0
2022-04-18,0,62.83,95.69,0.0
2022-04-19,0,65.52,97.81,0.0
2022-04-20,0,66.72,98.9,0.0
2022-04-21,0,59.64,86.91,0.0
2022-04-22,0,65.47,92.99,0.0
2022-04-23,0,60.23,85.45,0.0
2022-04-24,0,57.98,90.77,0.0
2022-04-25,0,59.49,91.73,0.0
2022-04-26,0,56.95,82.3,0.0
2022-04-27,1,71.18,100.32,0.32
2022-04-28,1,69.27,100.79,0.79
2022-04-29,0,62.14,91.35,0.0
2022-04-30,4,68.3,105.96,3.95
2022-05-01,0,68.57,98.58,0.0
2022-05-02,5,72.36,106.18,3.36
2022-05-03,0,67.24,93.59,0.0
2022-05-04,0,61.45,93.38,0.0
2022-05-05,2,64.74,100.37,0.31
2022-05-06,5,71.43,107.88,4.51
2022-05-07,1,69.23,101.39,1.39
2022-05-08,0,68.75,96.52,0.0
2022-05-09,0,69.73,93.44,0.0
2022-05-10,1,72.06,100.63,0.63
2022-05-11,0,64.78,87.98,0.0
2022-05-12,0,63.11,88.22,0.0
2022-05-13,0,64.24,92.83,0.0
2022-05-14,0,59.63,88.89,0.0
2022-05-15,0,63.08,96.28,0.0
2022-05-16,9,81.67,119.18,11.02
2022-05-17,7,81.88,116.78,10.56
2022-05-18,0,68.82,97.89,0.0
2022-05-19,4,70.54,106.87,4.79
2022-05-20,4,73.04,105.7,3.18
2022-05-21,0,64.5,91.19,0.0
2022-05-22,0,65.4,96.94,0.0
2022-05-23,3,71.55,103.25,2.22
2022-05-24,0,61.62,90.95,0.0
2022-05-25,0,59.76,92.25,0.0
2022-05-26,0,64.24,96.79,0.0
2022-05-27,2,70.13,101.49,1.3
2022-05-28,3,73.54,101.97,1.45
2022-05-29,0,64.3,86.74,0.0
2022-05-30,3,72.13,107.15,5.91
2022-05-31,0,69.94,95.8,0.0
2022-06-01,0,66.86,96.28,0.0
2022-06-02,0,65.99,94.52,0.0
2022-06-03,3,70.66,101.25,0.56
2022-06-04,0,65.95,93.4,0.0
2022-06-05,1,68.68,100.26,0.26
2022-06-06,5,75.17,108.3,5.24
2022-06-07,2,69.98,101.7,1.65
2022-06-08,2,69.47,100.55,0.36
2022-06-09,0,60.3,87.62,0.0
2022-06-10,0,56.52,86.59,0.0
2022-06-11,0,61.86,90.43,0.0
2022-06-12,0,65.98,95.92,0.0
2022-06-13,0,56.26,79.73,0.0
2022-06-14,0,52.02,75.41,0.0
2022-06-15,0,53.53,75.99,0.0
2022-06-16,0,61.58,92.83,0.0
2022-06-17,0,53.69,80.15,0.0
2022-06-18,0,61.64,85.52,0.0
2022-06-19,0,47.23,67.25,0.0
2022-06-20,0,52.12,80.5,0.0
2022-06-21,0,52.68,84.65,0.0
2022-06-22,0,43.86,73.5,0.0
2022-06-23,0,51.99,83.79,0.0
2022-06-24,0,52.86,81.7,0.0
2022-06-25,0,52.97,79.87,0.0
2022-06-26,0,52.8,77.77,0.0
2022-06-27,0,51.25,76.8,0.0
2022-06-28,0,54.41,80.79,0.0
2022-06-29,0,58.82,85.42,0.0
2022-06-30,0,63.64,90.14,0.0
2022-07-01,0,62.22,93.51,0.0
2022-07-02,0,61.13,91.02,0.0
2022-07-03,0,59.21,84.88,0.0
2022-07-04,2,66.84,100.87,0.59
2022-07-05,0,65.2,96.01,0.0
2022-07-06,0,64.79,95.67,0.0
2022-07-07,0,60.84,89.52,0.0
2022-07-08,0,61.4,91.54,0.0
2022-07-09,0,65.66,95.52,0.0
2022-07-10,0,62.16,90.21,0.0
2022-07-11,0,54.26,85.99,0.0
2022-07-12,0,53.84,81.12,0.0
2022-07-13,0,51.64,78.08,0.0
2022-07-14,0,50.99,78.95,0.0
2022-07-15,0,58.23,86.79,0.0
2022-07-16,0,46.9,69.94,0.0
2022-07-17,0,47.43,73.49,0.0
2022-07-18,0,49.09,75.99,0.0
2022-07-19,0,56.28,85.88,0.0
2022-07-20,0,60.43,88.94,0.0
2022-07-21,0,56.8,85.66,0.0
2022-07-22,0,58.18,85.42,0.0
2022-07-23,0,54.87,80.89,0.0
2022-07-24,0,52.09,78.24,0.0
2022-07-25,0,54.04,83.16,0.0
2022-07-26,0,52.63,81.69,0.0
2022-07-27,0,54.39,86.09,0.0
2022-07-28,0,57.54,84.37,0.0
2022-07-29,0,48.63,76.84,0.0
2022-07-30,0,46.78,75.79,0.0
2022-07-31,0,45.69,68.98,0.0
2022-08-01,0,41.32,64.88,0.0
2022-08-02,0,51.62,78.21,0.0
2022-08-03,0,53.54,77.35,0.0
2022-08-04,0,44.21,65.15,0.0
2022-08-05,0,48.84,81.62,0.0
2022-08-06,0,50.54,77.5,0.0
2022-08-07,0,58.83,91.59,0.0
2022-08-08,0,46.3,69.59,0.0
2022-08-09,0,44.56,68.65,0.0
2022-08-10,0,60.72,94.56,0.0
2022-08-11,0,47.04,75.04,0.0
2022-08-12,0,48.14,75.41,0.0
2022-08-13,0,46.77,67.14,0.0
2022-08-14,0,48.18,73.59,0.0
2022-08-15,0,44.35,68.9,0.0
2022-08-16,0,41.66,67.67,0.0
2022-08-17,0,46.53,72.51,0.0
2022-08-18,0,53.42,84.21,0.0
2022-08-19,0,53.66,86.53,0.0
2022-08-20,0,51.91,80.35,0.0
2022-08-21,0,53.9,87.77,0.0
2022-08-22,0,58.92,92.64,0.0
2022-08-23,0,50.73,80.27,0.0
2022-08-24,0,47.4,77.36,0.0
2022-08-25,0,48.82,77.04,0.0
2022-08-26,0,57.79,91.22,0.0
2022-08-27,0,51.89,81.69,0.0
2022-08-28,0,51.46,75.63,0.0
2022-08-29,0,49.46,80.07,0.0
2022-08-30,0,51.4,85.34,0.0
2022-08-31,0,47.72,77.17,0.0
2022-09-01,0,43.79,69.42,0.0
2022-09-02,0,46.28,75.59,0.0
2022-09-03,0,41.6,64.64,0.0
2022-09-04,0,38.48,63.08,0.0
2022-09-05,0,41.25,68.18,0.0
2022-09-06,0,39.44,68.62,0.0
2022-09-07,0,40.0,66.73,0.0
2022-09-08,0,33.51,49.4,0.0
2022-09-09,0,33.89,49.2,0.0
2022-09-10,0,39.29,56.42,0.0
2022-09-11,0,41.64,68.96,0.0
2022-09-12,0,43.19,63.85,0.0
2022-09-13,0,50.12,82.71,0.0
2022-09-14,0,52.58,83.25,0.0
2022-09-15,0,56.55,84.92,0.0
2022-09-16,0,59.81,85.97,0.0
2022-09-17,0,62.72,95.97,0.0
2022-09-18,0,58.77,91.14,0.0
2022-09-19,0,55.34,82.23,0.0
2022-09-20,0,53.36,84.16,0.0
2022-09-21,0,53.04,82.45,0.0
2022-09-22,0,53.01,83.91,0.0
2022-09-23,0,49.81,86.54,0.0
2022-09-24,0,46.59,77.37,0.0
2022-09-25,0,51.46,84.81,0.0
2022-09-26,0,53.61,86.47,0.0
2022-09-27,0,47.7,73.46,0.0
2022-09-28,0,56.06,86.76,0.0
2022-09-29,0,53.98,85.34,0.0
2022-09-30,0,55.83,89.57,0.0
2022-10-01,0,52.31,80.51,0.0
2022-10-02,0,53.75,84.29,0.0
2022-10-03,0,52.27,79.7,0.0
2022-10-04,0,46.14,75.44,0.0
2022-10-05,0,46.22,79.35,0.0
2022-10-06,0,44.08,73.09,0.0
2022-10-07,0,48.02,80.97,0.0
2022-10-08,0,43.76,74.95,0.0
2022-10-09,0,45.94,76.28,0.0
2022-10-10,0,44.4,71.67,0.0
2022-10-11,0,46.45,75.22,0.0
2022-10-12,0,47.98,71.77,0.0
2022-10-13,0,47.94,77.15,0.0
2022-10-14,0,47.33,78.61,0.0
2022-10-15,0,43.83,64.27,0.0
2022-10-16,0,44.96,73.35,0.0
2022-10-17,0,41.72,74.57,0.0
2022-10-18,0,37.07,75.14,0.0
2022-10-19,0,38.92,75.7,0.0
2022-10-20,0,38.25,72.46,0.0
2022-10-21,0,44.43,78.43,0.0
2022-10-22,0,50.4,82.67,0.0
2022-10-23,0,51.99,84.18,0.0
2022-10-24,0,46.78,80.14,0.0
2022-10-25,0,48.39,78.63,0.0
2022-10-26,0,51.69,84.97,0.0
2022-10-27,0,48.41,78.79,0.0
2022-10-28,0,38.37,68.93,0.0
2022-10-29,0,41.25,72.82,0.0
2022-10-30,0,40.29,73.11,0.0
2022-10-31,0,37.11,64.4,0.0
2022-11-01,0,45.67,72.35,0.0
2022-11-02,0,51.47,76.58,0.0
2022-11-03,0,51.4,77.23,0.0
2022-11-04,0,44.42,73.81,0.0
2022-11-05,0,47.66,70.89,0.0
2022-11-06,0,45.02,71.12,0.0
2022-11-07,0,40.53,61.07,0.0
2022-11-08,0,45.26,70.7,0.0
2022-11-09,0,47.52,74.63,0.0
2022-11-10,0,43.15,73.68,0.0
2022-11-11,0,39.84,68.66,0.0
2022-11-12,0,44.66,73.38,0.0
2022-11-13,0,48.88,80.19,0.0
2022-11-14,0,41.73,72.96,0.0
2022-11-15,0,42.37,72.0,0.0
2022-11-16,0,43.48,74.24,0.0
2022-11-17,0,41.15,70.09,0.0
2022-11-18,0,38.13,62.82,0.0
2022-11-19,0,40.14,69.69,0.0
2022-11-20,0,38.79,68.31,0.0
2022-11-21,0,38.96,66.66,0.0
2022-11-22,0,38.06,66.17,0.0
2022-11-23,0,42.47,69.13,0.0
2022-11-24,0,46.71,79.15,0.0
2022-11-25,0,43.25,71.75,0.0
2022-11-26,0,51.21,86.3,0.0
2022-11-27,0,49.35,74.49,0.0
2022-11-28,0,60.88,91.88,0.0
2022-11-29,0,50.03,75.39,0.0
2022-11-30,0,41.75,68.44,0.0
2022-12-01,0,45.31,64.85,0.0
2022-12-02,0,39.45,58.68,0.0
2022-12-03,0,29.78,40.78,0.0
2022-12-04,0,42.33,67.62,0.0
2022-12-05,0,55.28,80.28,0.0
2022-12-06,0,46.2,70.92,0.0
2022-12-07,0,42.5,64.85,0.0
2022-12-08,0,43.62,68.96,0.0
2022-12-09,0,44.42,70.76,0.0
2022-12-10,0,42.76,62.56,0.0
2022-12-11,0,51.2,70.22,0.0
2022-12-12,0,46.85,63.41,0.0
2022-12-13,0,44.66,64.98,0.0
2022-12-14,0,42.32,65.5,0.0
2022-12-15,0,40.75,63.63,0.0
2022-12-16,0,40.62,63.8,0.0
2022-12-17,0,40.78,59.91,0.0
2022-12-18,0,41.97,61.64,0.0
2022-12-19,0,45.42,67.45,0.0
2022-12-20,0,40.41,64.65,0.0
2022-12-21,0,42.2,60.87,0.0
2022-12-22,0,40.36,57.29,0.0
2022-12-23,0,39.88,59.49,0.0
2022-12-24,0,42.17,67.35,0.0
2022-12-25,0,41.97,63.48,0.0
2022-12-26,0,39.11,53.49,0.0
2022-12-27,0,49.46,59.39,0.0
2022-12-28,0,60.2,86.02,0.0
2022-12-29,0,44.62,57.68,0.0
2022-12-30,0,53.39,76.54,0.0
2022-12-31,0,51.76,65.57,0.0
2023-01-01,0,59.42,77.15,0.0
2023-01-02,0,49.89,69.35,0.0
2023-01-03,0,53.25,77.05,0.0
2023-01-04,0,44.64,59.87,0.0
2023-01-05,0,40.46,53.87,0.0
2023-01-06,0,46.53,69.06,0.0
2023-01-07,0,41.87,58.37,0.0
2023-01-08,0,48.88,70.61,0.0
2023-01-09,0,49.13,59.76,0.0
2023-01-10,0,59.03,82.88,0.0
2023-01-11,0,49.58,65.88,0.0
2023-01-12,0,46.15,67.45,0.0
2023-01-13,0,44.35,62.01,0.0
2023-01-14,0,44.57,52.96,0.0
2023-01-15,0,51.18,62.33,0.0
2023-01-16,0,59.72,81.93,0.0
2023-01-17,0,59.12,80.99,0.0
2023-01-18,0,47.98,72.12,0.0
2023-01-19,0,49.33,69.38,0.0
2023-01-20,0,48.62,72.96,0.0
2023-01-21,0,44.7,69.66,0.0
2023-01-22,0,54.13,75.86,0.0
2023-01-23,0,58.34,88.75,0.0
2023-01-24,0,47.74,78.48,0.0
2023-01-25,0,49.04,77.64,0.0
2023-01-26,0,51.74,82.87,0.0
2023-01-27,0,52.61,81.13,0.0
2023-01-28,0,51.37,76.05,0.0
2023-01-29,0,52.85,76.82,0.0
2023-01-30,0,46.18,62.41,0.0
2023-01-31,0,47.41,70.72,0.0
2023-02-01,0,52.38,98.24,0.0
2023-02-02,0,45.33,72.62,0.0
2023-02-03,0,42.14,61.54,0.0
2023-02-04,0,47.2,73.03,0.0
2023-02-05,0,60.88,87.26,0.0
2023-02-06,0,61.02,89.12,0.0
2023-02-07,0,51.61,85.96,0.0
2023-02-08,0,52.17,82.22,0.0
2023-02-09,0,55.08,88.57,0.0
2023-02-10,0,54.11,88.23,0.0
2023-02-11,0,55.09,81.67,0.0
2023-02-12,0,52.1,77.11,0.0
2023-02-13,0,59.56,89.98,0.0
2023-02-14,0,63.64,92.54,0.0
2023-02-15,0,58.58,87.43,0.0
2023-02-16,0,50.89,78.4,0.0
2023-02-17,0,53.63,79.87,0.0
2023-02-18,0,52.98,86.71,0.0
2023-02-19,0,52.32,80.95,0.0
2023-02-20,0,55.15,80.73,0.0
2023-02-21,0,62.68,92.18,0.0
2023-02-22,0,60.82,80.17,0.0
2023-02-23,0,57.25,78.5,0.0
2023-02-24,0,45.61,58.76,0.0
2023-02-25,0,40.85,54.19,0.0
2023-02-26,0,52.84,79.88,0.0
2023-02-27,0,56.83,80.88,0.0
2023-02-28,0,55.32,76.09,0.0
2023-03-01,0,62.06,84.92,0.0
2023-03-02,0,62.83,90.73,0.0
2023-03-03,0,62.04,91.41,0.0
2023-03-04,0,56.93,79.06,0.0
2023-03-05,0,57.49,70.33,0.0
2023-03-06,0,62.6,90.76,0.0
2023-03-07,0,65.27,89.33,0.0
2023-03-08,0,61.43,85.37,0.0
2023-03-09,0,52.56,76.24,0.0
2023-03-10,0,53.38,72.29,0.0
2023-03-11,0,58.56,83.27,0.0
2023-03-12,0,59.79,87.34,0.0
2023-03-13,0,57.36,83.3,0.0
2023-03-14,0,46.87,60.88,0.0
2023-03-15,0,55.27,76.77,0.0
2023-03-16,0,57.91,84.69,0.0
2023-03-17,0,52.38,80.09,0.0
2023-03-18,0,50.11,76.84,0.0
2023-03-19,0,53.28,73.04,0.0
2023-03-20,0,66.63,89.3,0.0
2023-03-21,0,62.45,85.73,0.0
2023-03-22,0,65.56,87.65,0.0
2023-03-23,0,69.2,93.15,0.0
2023-03-24,0,73.67,99.06,0.0
2023-03-25,0,67.22,90.42,0.0
2023-03-26,0,62.62,85.24,0.0
2023-03-27,0,65.23,94.62,0.0
2023-03-28,0,66.85,93.57,0.0
2023-03-29,0,66.92,90.47,0.0
2023-03-30,0,69.99,90.08,0.0
2023-03-31,0,67.06,92.83,0.0
2023-04-01,0,62.51,84.5,0.0
2023-04-02,0,67.86,90.7,0.0
2023-04-03,0,73.07,90.48,0.0
2023-04-04,0,63.07,85.57,0.0
2023-04-05,0,55.59,76.49,0.0
2023-04-06,0,52.1,70.81,0.0
2023-04-07,0,56.16,77.11,0.0
2023-04-08,0,66.02,87.58,0.0
2023-04-09,0,59.85,83.09,0.0
2023-04-10,0,67.65,95.19,0.0
2023-04-11,5,79.58,107.2,4.52
2023-04-12,7,82.64,104.52,2.54
2023-04-13,7,81.5,104.78,2.48
2023-04-14,4,80.93,103.14,1.6
2023-04-15,0,69.42,92.76,0.0
2023-04-16,0,75.78,98.97,0.0
2023-04-17,10,88.24,112.49,10.88
2023-04-18,0,74.54,94.08,0.0
2023-04-19,0,64.59,86.32,0.0
2023-04-20,0,65.31,86.55,0.0
2023-04-21,2,72.21,103.78,2.47
2023-04-22,0,68.81,91.56,0.0
2023-04-23,3,75.4,107.25,4.36
2023-04-24,9,81.84,116.33,6.71
2023-04-25,0,74.92,99.91,0.0
2023-04-26,2,69.75,102.81,2.22
2023-04-27,2,67.54,102.64,1.52
2023-04-28,0,67.38,98.75,0.0
2023-04-29,0,64.68,93.33,0.0
2023-04-30,3,74.21,111.18,7.75
2023-05-01,0,60.78,86.13,0.0
2023-05-02,0,56.43,77.81,0.0
2023-05-03,0,66.45,94.43,0.0
2023-05-04,0,64.4,88.73,0.0
2023-05-05,0,69.47,91.68,0.0
2023-05-06,0,67.29,86.03,0.0
2023-05-07,0,68.47,89.04,0.0
2023-05-08,0,74.23,99.83,0.0
2023-05-09,0,64.59,81.04,0.0
2023-05-10,2,81.65,103.69,2.42
2023-05-11,0,78.81,98.24,0.0
2023-05-12,0,72.43,97.82,0.0
2023-05-13,0,70.38,97.45,0.0
2023-05-14,3,69.21,102.85,1.99
2023-05-15,0,68.81,98.53,0.0
2023-05-16,0,68.56,97.19,0.0
2023-05-17,4,74.48,109.45,5.46
2023-05-18,4,75.34,108.95,5.96
2023-05-19,0,61.86,91.25,0.0
2023-05-20,0,54.64,77.94,0.0
2023-05-21,0,63.64,92.43,0.0
2023-05-22,0,66.8,96.4,0.0
2023-05-23,3,70.02,103.97,2.69
2023-05-24,2,71.8,104.95,4.15
2023-05-25,4,77.27,108.99,5.87
2023-05-26,5,81.97,112.36,7.4
2023-05-27,4,81.89,108.71,4.51
2023-05-28,4,81.83,107.58,5.78
2023-05-29,0,72.98,99.86,0.0
2023-05-30,7,84.73,113.58,9.67
2023-05-31,8,85.78,113.46,7.07
2023-06-01,5,82.35,107.64,5.92
2023-06-02,0,69.15,93.0,0.0
2023-06-03,0,68.0,92.95,0.0
2023-06-04,0,68.18,94.46,0.0
2023-06-05,0,65.08,90.76,0.0
2023-06-06,0,70.29,94.73,0.0
2023-06-07,0,66.12,88.92,0.0
2023-06-08,0,71.39,96.65,0.0
2023-06-09,3,78.13,103.77,2.08
2023-06-10,0,68.84,88.25,0.0
2023-06-11,0,74.29,98.46,0.0
2023-06-12,0,67.27,92.82,0.0
2023-06-13,0,69.82,92.71,0.0
2023-06-14,0,71.82,96.85,0.0
2023-06-15,0,72.79,99.53,0.0
2023-06-16,0,62.73,86.58,0.0
2023-06-17,0,65.15,94.66,0.0
2023-06-18,0,67.92,95.33,0.0
2023-06-19,0,73.18,96.48,0.0
2023-06-20,3,76.22,104.63,3.47
2023-06-21,0,71.52,99.43,0.0
2023-06-22,3,72.28,101.53,1.14
2023-06-23,0,65.63,90.76,0.0
2023-06-24,2,71.74,102.18,1.13
2023-06-25,3,75.37,104.94,4.05
2023-06-26,8,83.66,114.74,9.09
2023-06-27,4,76.26,104.02,2.92
2023-06-28,4,77.89,108.18,6.7
2023-06-29,0,69.72,98.41,0.0
2023-06-30,0,62.73,89.45,0.0
2023-07-01,0,58.78,83.91,0.0
2023-07-02,0,58.14,84.08,0.0
2023-07-03,5,74.02,106.26,4.88
2023-07-04,6,76.71,109.54,7.07
2023-07-05,4,75.24,106.47,5.35
2023-07-06,6,80.35,116.24,11.74
2023-07-07,5,77.4,112.68,8.77
2023-07-08,4,75.55,107.85,4.66
2023-07-09,4,74.78,105.49,4.22
2023-07-10,0,69.83,98.17,0.0
2023-07-11,0,57.71,84.69,0.0
2023-07-12,2,66.88,101.05,0.55
2023-07-13,0,66.28,96.56,0.0
2023-07-14,0,62.67,87.72,0.0
2023-07-15,0,55.06,79.31,0.0
2023-07-16,0,57.85,87.15,0.0
2023-07-17,0,55.54,82.34,0.0
2023-07-18,0,59.03,86.15,0.0
2023-07-19,0,58.23,87.69,0.0
2023-07-20,0,58.02,90.14,0.0
2023-07-21,0,57.34,85.93,0.0
2023-07-22,0,51.21,76.69,0.0
2023-07-23,0,47.02,71.58,0.0
2023-07-24,0,56.25,84.92,0.0
2023-07-25,0,54.6,79.26,0.0
2023-07-26,0,57.45,89.51,0.0
2023-07-27,0,57.57,87.51,0.0
2023-07-28,0,58.03,87.57,0.0
2023-07-29,0,56.03,82.62,0.0
2023-07-30,0,55.45,84.85,0.0
2023-07-31,0,54.36,74.47,0.0
2023-08-01,0,54.75,79.9,0.0
2023-08-02,0,58.84,91.84,0.0
2023-08-03,0,64.8,98.69,0.0
2023-08-04,0,65.27,94.69,0.0
2023-08-05,4,69.7,103.87,2.57
2023-08-06,0,61.39,92.99,0.0
2023-08-07,6,76.82,120.17,15.56
2023-08-08,0,58.57,90.08,0.0
2023-08-09,0,56.1,85.15,0.0
2023-08-10,0,54.73,79.26,0.0
2023-08-11,0,59.57,89.87,0.0
2023-08-12,0,58.2,89.5,0.0
2023-08-13,0,54.1,81.6,0.0
2023-08-14,0,54.62,84.93,0.0
2023-08-15,0,47.72,75.31,0.0
2023-08-16,0,45.18,65.61,0.0
2023-08-17,0,49.85,79.26,0.0
2023-08-18,0,50.82,77.88,0.0
2023-08-19,0,42.92,62.2,0.0
2023-08-20,0,38.42,49.76,0.0
2023-08-21,0,49.11,74.13,0.0
2023-08-22,0,53.93,87.77,0.0
2023-08-23,0,56.98,91.44,0.0
2023-08-24,0,58.32,96.77,0.0
2023-08-25,0,56.69,86.98,0.0
2023-08-26,0,55.82,85.97,0.0
2023-08-27,0,56.79,88.52,0.0
2023-08-28,0,55.73,88.77,0.0
2023-08-29,0,60.38,94.67,0.0
2023-08-30,0,58.04,90.71,0.0
2023-08-31,0,53.35,80.82,0.0
2023-09-01,0,50.07,70.19,0.0
2023-09-02,0,61.56,91.92,0.0
2023-09-03,0,58.55,86.65,0.0
2023-09-04,0,64.4,93.21,0.0
2023-09-05,0,62.17,92.84,0.0
2023-09-06,0,62.95,97.8,0.0
2023-09-07,0,60.3,97.96,0.0
2023-09-08,0,56.73,89.92,0.0
2023-09-09,0,53.23,83.02,0.0
2023-09-10,0,45.71,69.26,0.0
2023-09-11,0,48.36,66.52,0.0
2023-09-12,0,57.42,89.58,0.0
2023-09-13,5,74.74,114.1,8.2
2023-09-14,4,70.81,106.49,5.21
2023-09-15,4,72.49,110.6,8.52
2023-09-16,0,63.02,96.0,0.0
2023-09-17,0,63.68,98.28,0.0
2023-09-18,0,65.04,98.85,0.0
2023-09-19,3,66.68,103.65,1.86
2023-09-20,3,68.81,105.77,3.95
2023-09-21,1,68.56,102.45,2.45
2023-09-22,0,58.26,81.41,0.0
2023-09-23,0,63.87,97.96,0.0
2023-09-24,0,63.16,99.16,0.0
2023-09-25,1,65.7,100.9,0.9
2023-09-26,0,62.86,94.83,0.0
2023-09-27,1,70.78,101.27,1.27
2023-09-28,3,70.0,104.71,2.48
2023-09-29,4,70.27,106.28,3.78
2023-09-30,0,57.41,84.37,0.0
2023-10-01,0,52.28,76.04,0.0
2023-10-02,0,57.91,88.6,0.0
2023-10-03,0,48.48,82.24,0.0
2023-10-04,0,49.48,88.18,0.0
2023-10-05,0,46.42,81.49,0.0
2023-10-06,0,45.89,82.53,0.0
2023-10-07,0,51.46,93.54,0.0
2023-10-08,0,50.6,91.1,0.0
2023-10-09,0,49.79,75.51,0.0
2023-10-10,0,59.11,93.89,0.0
2023-10-11,0,61.96,94.6,0.0
2023-10-12,0,53.41,87.85,0.0
2023-10-13,0,46.51,71.73,0.0
2023-10-14,0,43.36,82.74,0.0
2023-10-15,0,46.6,82.24,0.0
2023-10-16,0,48.77,83.32,0.0
2023-10-17,0,50.33,81.88,0.0
2023-10-18,0,47.66,82.49,0.0
2023-10-19,0,43.68,81.23,0.0
2023-10-20,0,46.71,80.76,0.0
2023-10-21,0,46.58,79.77,0.0
2023-10-22,0,55.7,88.01,0.0
2023-10-23,0,61.45,93.1,0.0
2023-10-24,0,48.63,72.26,0.0
2023-10-25,0,57.94,89.77,0.0
2023-10-26,0,57.34,80.45,0.0
2023-10-27,0,54.43,82.42,0.0
2023-10-28,0,59.02,88.8,0.0
2023-10-29,0,49.43,73.93,0.0
2023-10-30,0,51.94,80.69,0.0
2023-10-31,0,47.53,77.86,0.0
2023-11-01,0,47.79,80.45,0.0
2023-11-02,0,47.85,79.41,0.0
2023-11-03,0,47.07,79.36,0.0
2023-11-04,0,46.49,75.52,0.0
2023-11-05,0,51.24,87.26,0.0
2023-11-06,0,57.21,89.89,0.0
2023-11-07,0,56.24,84.42,0.0
2023-11-08,0,52.72,84.87,0.0
2023-11-09,0,48.06,78.94,0.0
2023-11-10,0,38.8,67.33,0.0
2023-11-11,0,41.87,73.93,0.0
2023-11-12,0,42.77,76.35,0.0
2023-11-13,0,37.42,58.95,0.0
2023-11-14,0,44.37,69.94,0.0
2023-11-15,0,30.95,45.59,0.0
2023-11-16,0,40.35,58.23,0.0
2023-11-17,0,46.63,70.8,0.0
2023-11-18,0,54.68,78.83,0.0
2023-11-19,0,62.14,83.5,0.0
2023-11-20,0,60.53,88.41,0.0
2023-11-21,0,55.39,83.35,0.0
2023-11-22,0,54.23,84.16,0.0
2023-11-23,0,55.11,87.47,0.0
2023-11-24,0,59.1,86.65,0.0
2023-11-25,0,59.47,88.86,0.0
2023-11-26,0,49.5,71.44,0.0
2023-11-27,0,53.28,80.65,0.0
2023-11-28,0,52.35,79.88,0.0
2023-11-29,0,51.04,74.77,0.0
2023-11-30,0,53.16,70.99,0.0
2023-12-01,0,58.26,84.35,0.0
2023-12-02,0,51.67,74.16,0.0
2023-12-03,0,49.95,73.77,0.0
2023-12-04,0,46.07,66.28,0.0
2023-12-05,0,46.05,74.51,0.0
2023-12-06,0,51.83,77.66,0.0
2023-12-07,0,58.77,83.16,0.0
2023-12-08,0,53.54,75.75,0.0
2023-12-09,0,46.13,72.93,0.0
2023-12-10,0,40.52,66.38,0.0
2023-12-11,0,39.97,59.7,0.0
2023-12-12,0,41.6,66.74,0.0
2023-12-13,0,43.97,73.98,0.0
2023-12-14,0,40.75,66.38,0.0
2023-12-15,0,42.53,69.01,0.0
2023-12-16,0,39.25,64.17,0.0
2023-12-17,0,37.92,55.32,0.0
2023-12-18,0,36.28,50.12,0.0
2023-12-19,0,38.93,54.66,0.0
2023-12-20,0,40.96,56.49,0.0
2023-12-21,0,42.71,57.9,0.0
2023-12-22,0,38.09,47.19,0.0
2023-12-23,0,52.17,72.0,0.0
2023-12-24,0,50.53,73.54,0.0
2023-12-25,0,45.49,66.35,0.0
2023-12-26,0,46.47,66.78,0.0
2023-12-27,0,47.83,66.18,0.0
2023-12-28,0,48.14,73.3,0.0
2023-12-29,0,43.13,60.81,0.0
2023-12-30,0,45.64,68.52,0.0
2023-12-31,0,39.52,51.47,0.0
2024-01-01,0,44.06,71.33,0.0
2024-01-02,0,49.82,71.32,0.0
2024-01-03,0,56.56,75.93,0.0
2024-01-04,0,57.07,82.01,0.0
2024-01-05,0,50.46,75.34,0.0
2024-01-06,0,49.28,69.26,0.0
2024-01-07,0,60.87,87.2,0.0
2024-01-08,0,53.08,81.4,0.0
2024-01-09,0,52.67,76.02,0.0
2024-01-10,0,60.27,84.37,0.0
2024-01-11,0,59.91,81.56,0.0
2024-01-12,0,55.27,79.83,0.0
2024-01-13,0,53.16,72.33,0.0
2024-01-14,0,56.88,78.52,0.0
2024-01-15,0,49.84,67.57,0.0
2024-01-16,0,48.05,68.42,0.0
2024-01-17,0,56.01,73.99,0.0
2024-01-18,0,48.97,68.31,0.0
2024-01-19,0,40.05,54.18,0.0
2024-01-20,0,38.53,52.03,0.0
2024-01-21,0,45.55,67.3,0.0
2024-01-22,0,41.8,50.7,0.0
2024-01-23,0,52.18,69.5,0.0
2024-01-24,0,44.32,60.01,0.0
2024-01-25,0,58.94,85.93,0.0
2024-01-26,0,50.79,75.06,0.0
2024-01-27,0,47.2,73.92,0.0
2024-01-28,0,44.54,65.92,0.0
2024-01-29,0,49.68,80.21,0.0
2024-01-30,0,50.35,81.03,0.0
2024-01-31,0,47.96,67.04,0.0
2024-02-01,0,46.14,57.54,0.0
2024-02-02,0,64.35,87.94,0.0
2024-02-03,0,57.9,75.74,0.0
2024-02-04,0,51.87,69.11,0.0
2024-02-05,0,41.64,55.17,0.0
2024-02-06,0,43.9,57.2,0.0
2024-02-07,0,61.12,84.24,0.0
2024-02-08,0,60.38,86.87,0.0
2024-02-09,0,62.27,86.48,0.0
2024-02-10,0,56.5,84.59,0.0
2024-02-11,0,49.03,75.04,0.0
2024-02-12,0,53.51,84.03,0.0
2024-02-13,0,60.79,84.77,0.0
2024-02-14,0,66.97,93.77,0.0
2024-02-15,0,64.08,86.33,0.0
2024-02-16,0,57.41,85.57,0.0
2024-02-17,0,53.77,77.76,0.0
2024-02-18,0,59.02,80.7,0.0
2024-02-19,0,63.35,89.65,0.0
2024-02-20,0,55.65,78.07,0.0
2024-02-21,0,66.54,91.57,0.0
2024-02-22,0,62.11,86.83,0.0
2024-02-23,0,60.51,89.98,0.0
2024-02-24,0,55.92,77.01,0.0
2024-02-25,0,62.51,80.68,0.0
2024-02-26,0,62.79,77.21,0.0
2024-02-27,2,74.17,102.74,1.75
2024-02-28,0,62.11,86.72,0.0
2024-02-29,2,73.18,102.61,2.47
2024-03-01,0,72.28,93.39,0.0
2024-03-02,0,70.0,90.55,0.0
2024-03-03,0,68.88,84.91,0.0
2024-03-04,0,69.89,90.23,0.0
2024-03-05,0,65.75,92.3,0.0
2024-03-06,0,60.66,83.82,0.0
2024-03-07,0,71.07,91.28,0.0
2024-03-08,0,63.24,91.92,0.0
2024-03-09,0,58.67,82.42,0.0
2024-03-10,0,56.74,76.96,0.0
2024-03-11,0,70.58,94.67,0.0
2024-03-12,0,72.4,94.71,0.0
2024-03-13,0,71.5,93.62,0.0
2024-03-14,0,74.28,99.27,0.0
2024-03-15,0,59.63,80.63,0.0
2024-03-16,0,49.15,70.47,0.0
2024-03-17,0,62.62,87.84,0.0
2024-03-18,0,66.71,93.37,0.0
2024-03-19,0,67.01,90.85,0.0
2024-03-20,0,72.03,95.65,0.0
2024-03-21,0,69.81,92.11,0.0
2024-03-22,0,68.59,92.53,0.0
2024-03-23,0,72.2,95.77,0.0
2024-03-24,0,70.83,90.58,0.0
2024-03-25,4,82.88,104.16,2.73
2024-03-26,1,78.3,104.53,4.53
2024-03-27,0,70.93,91.93,0.0
2024-03-28,0,71.99,92.58,0.0
2024-03-29,0,70.96,89.42,0.0
2024-03-30,0,61.92,83.65,0.0
2024-03-31,0,62.76,87.23,0.0
2024-04-01,0,68.04,90.92,0.0
2024-04-02,0,66.18,87.5,0.0
2024-04-03,0,72.79,98.66,0.0
2024-04-04,0,70.78,91.66,0.0
2024-04-05,0,68.34,93.1,0.0
2024-04-06,0,61.98,79.19,0.0
2024-04-07,0,61.47,77.61,0.0
2024-04-08,0,68.88,93.24,0.0
2024-04-09,0,63.82,86.1,0.0
2024-04-10,0,66.05,97.19,0.0
2024-04-11,0,68.29,99.05,0.0
2024-04-12,4,71.59,104.73,2.47
2024-04-13,0,66.15,85.08,0.0
2024-04-14,0,63.5,84.02,0.0
2024-04-15,0,68.73,93.0,0.0
2024-04-16,0,67.51,89.88,0.0
2024-04-17,0,72.15,96.02,0.0
2024-04-18,0,72.33,98.94,0.0
2024-04-19,4,79.41,108.55,5.45
2024-04-20,0,68.24,98.28,0.0
2024-04-21,0,65.52,96.62,0.0
2024-04-22,0,63.85,94.83,0.0
2024-04-23,0,70.34,97.81,0.0
2024-04-24,4,80.62,108.54,5.94
2024-04-25,0,70.39,95.61,0.0
2024-04-26,0,68.26,90.67,0.0
2024-04-27,0,63.0,88.78,0.0
2024-04-28,0,57.05,81.79,0.0
2024-04-29,0,63.96,89.19,0.0
2024-04-30,8,84.71,113.19,6.0
2024-05-01,7,83.3,112.15,6.4
2024-05-02,5,81.29,111.13,5.03
2024-05-03,6,81.71,110.8,6.12
2024-05-04,0,76.04,98.66,0.0
2024-05-05,0,75.23,99.49,0.0
2024-05-06,4,83.45,109.46,4.18
2024-05-07,2,82.68,109.91,8.72
2024-05-08,2,77.74,105.62,4.24
2024-05-09,2,75.0,103.39,3.02
2024-05-10,0,71.98,98.45,0.0
2024-05-11,4,75.66,108.5,4.96
2024-05-12,4,78.61,114.46,8.48
2024-05-13,7,81.63,106.76,3.53
2024-05-14,4,78.78,108.45,4.57
2024-05-15,5,82.52,105.88,4.24
2024-05-16,3,81.12,107.35,5.17
2024-05-17,2,78.31,100.95,0.85
2024-05-18,2,77.99,105.36,4.52
2024-05-19,3,77.51,110.77,5.75
2024-05-20,10,85.3,111.04,5.23
2024-05-21,2,80.62,106.06,3.98
2024-05-22,3,81.28,107.67,3.8
2024-05-23,0,75.9,96.64,0.0
2024-05-24,3,78.4,103.23,1.91
2024-05-25,0,75.68,96.45,0.0
2024-05-26,0,75.81,98.63,0.0
2024-05-27,6,85.87,116.63,9.2
2024-05-28,12,91.18,127.65,10.92
2024-05-29,8,89.08,118.46,10.61
2024-05-30,3,78.24,105.57,5.09
2024-05-31,4,78.19,110.75,6.81
2024-06-01,5,82.17,111.18,6.24
2024-06-02,6,84.26,113.44,6.3
2024-06-03,10,86.35,112.65,7.07
2024-06-04,5,77.72,108.38,6.18
2024-06-05,0,66.23,97.33,0.0
2024-06-06,0,70.5,99.99,0.0
2024-06-07,6,81.84,119.88,13.91
2024-06-08,4,78.17,107.78,5.0
2024-06-09,0,70.48,95.03,0.0
2024-06-10,6,81.77,116.77,10.21
2024-06-11,5,73.7,106.05,4.36
2024-06-12,6,76.87,119.08,11.9
2024-06-13,4,75.16,107.35,5.84
2024-06-14,6,80.61,116.8,11.25
2024-06-15,4,75.86,108.52,5.84
2024-06-16,6,80.51,118.79,12.23
2024-06-17,5,82.77,111.36,8.35
2024-06-18,3,75.39,105.41,3.19
2024-06-19,6,81.2,115.97,10.12
2024-06-20,6,82.58,118.49,12.06
2024-06-21,2,69.72,103.42,2.54
2024-06-22,0,60.42,92.38,0.0
2024-06-23,5,70.32,110.24,5.5
2024-06-24,0,66.45,97.85,0.0
2024-06-25,3,67.7,101.8,1.54
2024-06-26,5,72.75,109.25,6.15
2024-06-27,4,72.22,107.1,4.58
2024-06-28,4,70.35,105.55,3.25
2024-06-29,2,67.66,101.33,1.23
2024-06-30,5,69.97,108.41,5.71
2024-07-01,5,72.3,108.22,7.04
2024-07-02,4,70.52,105.33,3.85
2024-07-03,5,70.74,112.57,9.96
2024-07-04,0,63.85,96.05,0.0
2024-07-05,0,61.81,89.57,0.0
2024-07-06,1,67.64,100.79,0.79
2024-07-07,7,81.24,123.42,15.16
2024-07-08,7,82.71,124.3,17.28
2024-07-09,4,69.8,108.42,4.12
2024-07-10,0,56.46,90.36,0.0
2024-07-11,0,53.79,86.49,0.0
2024-07-12,0,52.61,78.37,0.0
2024-07-13,0,60.65,93.91,0.0
2024-07-14,0,52.48,82.51,0.0
2024-07-15,0,66.04,97.26,0.0
2024-07-16,4,71.23,107.5,4.96
2024-07-17,0,64.16,92.13,0.0
2024-07-18,0,63.17,95.41,0.0
2024-07-19,0,57.86,90.3,0.0
2024-07-20,0,57.96,90.97,0.0
2024-07-21,0,55.24,87.8,0.0
2024-07-22,2,66.01,101.97,1.78
2024-07-23,5,66.45,106.68,4.66
2024-07-24,1,66.99,103.76,3.76
2024-07-25,6,75.84,121.96,16.14
2024-07-26,8,82.85,128.04,18.13
2024-07-27,8,84.73,127.46,16.87
2024-07-28,6,81.09,125.16,17.86
2024-07-29,8,85.26,126.19,17.48
2024-07-30,7,84.84,125.79,18.53
2024-07-31,5,72.72,107.48,4.26
2024-08-01,0,62.91,91.97,0.0
2024-08-02,0,59.73,85.96,0.0
2024-08-03,5,67.97,110.18,6.53
2024-08-04,0,62.66,93.51,0.0
2024-08-05,0,60.56,92.64,0.0
2024-08-06,0,61.88,94.73,0.0
2024-08-07,2,63.71,102.74,1.66
2024-08-08,2,66.44,103.06,2.7
2024-08-09,3,67.49,104.42,2.95
2024-08-10,0,67.13,98.87,0.0
2024-08-11,0,63.95,99.12,0.0
2024-08-12,2,67.72,104.93,4.21
2024-08-13,4,70.83,109.51,7.32
2024-08-14,4,70.74,107.69,6.16
2024-08-15,4,71.52,107.33,5.08
2024-08-16,0,63.94,97.45,0.0
2024-08-17,3,65.64,104.4,2.56
2024-08-18,0,64.36,97.76,0.0
2024-08-19,3,67.37,104.66,3.22
2024-08-20,4,66.78,107.16,4.12
2024-08-21,0,63.97,97.21,0.0
2024-08-22,4,70.89,113.25,8.44
2024-08-23,3,69.9,108.96,6.41
2024-08-24,3,71.38,106.39,3.63
2024-08-25,3,71.1,102.76,2.24
2024-08-26,3,65.56,103.66,1.87
2024-08-27,0,62.1,99.31,0.0
2024-08-28,0,58.92,94.28,0.0
2024-08-29,0,60.38,90.52,0.0
2024-08-30,0,55.72,84.99,0.0
2024-08-31,0,57.35,93.44,0.0
2024-09-01,0,58.06,96.37,0.0
2024-09-02,0,61.48,96.64,0.0
2024-09-03,0,56.45,91.75,0.0
2024-09-04,0,55.49,90.92,0.0
2024-09-05,0,52.97,82.8,0.0
2024-09-06,0,50.39,80.07,0.0
2024-09-07,0,49.18,75.14,0.0
2024-09-08,0,48.62,79.48,0.0
2024-09-09,0,51.66,83.3,0.0
2024-09-10,0,58.56,93.97,0.0
2024-09-11,3,70.37,107.81,5.99
2024-09-12,3,72.08,109.31,6.69
2024-09-13,0,63.45,96.16,0.0
2024-09-14,0,62.63,98.42,0.0
2024-09-15,3,73.53,111.32,7.37
2024-09-16,0,66.31,91.57,0.0
2024-09-17,0,70.35,92.84,0.0
2024-09-18,0,65.43,95.95,0.0
2024-09-19,0,66.1,96.81,0.0
2024-09-20,0,65.83,88.63,0.0
2024-09-21,0,65.8,92.94,0.0
2024-09-22,0,62.4,95.39,0.0
2024-09-23,0,55.58,89.96,0.0
2024-09-24,0,58.25,91.37,0.0
2024-09-25,0,60.04,96.97,0.0
2024-09-26,0,64.73,99.25,0.0
2024-09-27,0,59.37,96.81,0.0
2024-09-28,1,59.22,101.27,1.27
2024-09-29,1,64.13,100.97,0.97
2024-09-30,3,62.61,103.82,1.92
2024-10-01,0,54.23,90.4,0.0
2024-10-02,0,50.69,85.85,0.0
2024-10-03,0,52.96,88.72,0.0
2024-10-04,0,48.94,78.86,0.0
2024-10-05,0,47.31,82.01,0.0
2024-10-06,0,47.77,85.15,0.0
2024-10-07,0,52.82,92.84,0.0
2024-10-08,0,51.81,85.84,0.0
2024-10-09,2,64.48,105.95,4.31
2024-10-10,0,54.51,84.06,0.0
2024-10-11,0,54.1,83.39,0.0
2024-10-12,0,60.28,95.31,0.0
2024-10-13,0,65.23,98.12,0.0
2024-10-14,3,66.78,104.4,2.35
2024-10-15,0,66.63,98.68,0.0
2024-10-16,0,70.24,93.66,0.0
2024-10-17,3,75.15,110.55,6.02
2024-10-18,0,62.68,89.32,0.0
2024-10-19,0,57.02,82.94,0.0
2024-10-20,0,58.19,90.94,0.0
2024-10-21,0,54.44,82.09,0.0
2024-10-22,0,53.33,84.54,0.0
2024-10-23,0,54.19,85.13,0.0
2024-10-24,0,58.31,89.89,0.0
2024-10-25,0,51.58,86.38,0.0
2024-10-26,0,52.13,82.25,0.0
2024-10-27,0,58.12,85.45,0.0
2024-10-28,0,70.85,94.52,0.0
2024-10-29,0,63.41,92.71,0.0
2024-10-30,0,54.32,79.87,0.0
2024-10-31,0,62.35,89.86,0.0
2024-11-01,0,59.88,80.36,0.0
2024-11-02,0,59.58,84.01,0.0
2024-11-03,0,65.51,91.62,0.0
2024-11-04,0,57.64,83.61,0.0
2024-11-05,0,59.77,83.68,0.0
2024-11-06,0,62.0,89.16,0.0
2024-11-07,0,56.55,84.82,0.0
2024-11-08,0,51.77,77.83,0.0
2024-11-09,0,51.47,79.07,0.0
2024-11-10,0,50.19,77.26,0.0
2024-11-11,0,56.66,77.31,0.0
2024-11-12,0,54.37,77.94,0.0
2024-11-13,0,54.58,79.67,0.0
2024-11-14,0,57.4,80.73,0.0
2024-11-15,0,63.47,84.13,0.0
2024-11-16,0,57.46,76.59,0.0
2024-11-17,0,54.58,75.02,0.0
2024-11-18,0,66.16,85.57,0.0
2024-11-19,0,54.14,75.94,0.0
2024-11-20,0,55.31,83.59,0.0
2024-11-21,0,56.48,83.73,0.0
2024-11-22,0,53.38,78.04,0.0
2024-11-23,0,60.45,86.42,0.0
2024-11-24,0,59.64,81.09,0.0
2024-11-25,0,45.68,60.07,0.0
2024-11-26,0,50.23,66.39,0.0
2024-11-27,0,53.86,72.12,0.0
2024-11-28,0,51.78,76.1,0.0
2024-11-29,0,44.75,62.17,0.0
2024-11-30,0,46.69,63.66,0.0
2024-12-01,0,47.08,73.68,0.0
2024-12-02,0,47.24,69.83,0.0
2024-12-03,0,46.41,66.87,0.0
2024-12-04,0,49.94,71.96,0.0
2024-12-05,0,46.99,70.46,0.0
2024-12-06,0,47.51,70.67,0.0
2024-12-07,0,48.53,71.77,0.0
2024-12-08,0,52.12,68.0,0.0
2024-12-09,0,55.64,75.94,0.0
2024-12-10,0,49.76,71.17,0.0
2024-12-11,0,43.05,57.0,0.0
2024-12-12,0,49.88,72.63,0.0
2024-12-13,0,52.36,71.71,0.0
2024-12-14,0,49.52,72.0,0.0
2024-12-15,0,52.8,70.52,0.0
2024-12-16,0,45.79,64.09,0.0
2024-12-17,0,47.18,64.08,0.0
2024-12-18,0,43.19,60.87,0.0
2024-12-19,0,43.82,65.2,0.0
2024-12-20,0,48.6,65.91,0.0
2024-12-21,0,47.58,65.01,0.0
2024-12-22,0,51.42,68.25,0.0
2024-12-23,0,48.84,72.28,0.0
2024-12-24,0,49.96,66.37,0.0
2024-12-25,0,59.56,74.62,0.0
2024-12-26,0,54.88,80.15,0.0
2024-12-27,0,62.37,78.58,0.0
2024-12-28,0,54.59,68.89,0.0
2024-12-29,0,62.91,80.18,0.0
2024-12-30,0,61.02,82.62,0.0
2024-12-31,0,56.31,74.76,0.0
2025-01-01,0,51.84,73.04,0.0
2025-01-02,0,55.97,80.46,0.0
2025-01-03,0,53.2,74.29,0.0
2025-01-04,0,60.89,79.38,0.0
2025-01-05,0,54.73,78.43,0.0
2025-01-06,0,58.17,84.81,0.0
2025-01-07,0,60.05,81.09,0.0
2025-01-08,0,53.76,77.73,0.0
2025-01-09,0,57.74,86.78,0.0
2025-01-10,0,60.26,78.48,0.0
2025-01-11,0,63.88,81.02,0.0
2025-01-12,0,59.36,85.85,0.0
2025-01-13,0,60.46,90.01,0.0
2025-01-14,0,52.34,78.23,0.0
2025-01-15,0,53.21,79.45,0.0
2025-01-16,0,53.45,79.55,0.0
2025-01-17,0,67.26,88.66,0.0
2025-01-18,0,58.23,83.43,0.0
2025-01-19,0,59.11,88.7,0.0
2025-01-20,0,64.35,94.96,0.0
2025-01-21,0,58.64,89.12,0.0
2025-01-22,0,56.89,83.16,0.0
2025-01-23,0,56.35,83.48,0.0
2025-01-24,0,55.55,83.39,0.0
2025-01-25,0,49.18,67.94,0.0
2025-01-26,0,41.14,56.88,0.0
2025-01-27,0,50.39,72.77,0.0
2025-01-28,0,54.63,81.09,0.0
2025-01-29,0,55.4,80.69,0.0
2025-01-30,0,60.54,87.5,0.0
2025-01-31,0,53.78,73.01,0.0
2025-02-01,0,61.74,83.89,0.0
2025-02-02,0,60.56,82.93,0.0
2025-02-03,0,60.97,82.6,0.0
2025-02-04,0,68.87,97.38,0.0
2025-02-05,0,65.86,89.16,0.0
2025-02-06,0,62.92,86.81,0.0
2025-02-07,0,71.01,95.62,0.0
2025-02-08,0,66.08,84.95,0.0
2025-02-09,0,57.5,81.54,0.0
2025-02-10,0,61.93,84.49,0.0
2025-02-11,0,70.56,92.76,0.0
2025-02-12,0,56.7,77.25,0.0
2025-02-13,0,49.02,66.86,0.0
2025-02-14,0,71.64,97.83,0.0
2025-02-15,0,63.19,86.97,0.0
2025-02-16,0,64.4,85.27,0.0
2025-02-17,0,69.72,93.43,0.0
2025-02-18,0,63.0,88.47,0.0
2025-02-19,0,60.95,88.03,0.0
2025-02-20,0,65.89,89.67,0.0
2025-02-21,0,60.37,88.1,0.0
2025-02-22,0,53.3,69.65,0.0
2025-02-23,0,62.92,81.47,0.0
2025-02-24,0,71.96,91.21,0.0
2025-02-25,0,67.23,91.25,0.0
2025-02-26,0,65.95,94.96,0.0
2025-02-27,0,63.36,87.73,0.0
2025-02-28,0,64.78,92.89,0.0
2025-03-01,2,74.79,102.21,1.51
2025-03-02,0,74.39,94.18,0.0
2025-03-03,2,80.57,103.62,3.3
2025-03-04,0,67.17,94.09,0.0
2025-03-05,0,50.01,61.29,0.0
2025-03-06,0,73.04,97.02,0.0
2025-03-07,1,72.55,101.96,1.96
2025-03-08,0,57.86,86.29,0.0
2025-03-09,0,54.08,77.72,0.0
2025-03-10,0,58.04,82.99,0.0
2025-03-11,0,59.26,77.21,0.0
2025-03-12,0,60.73,84.54,0.0
2025-03-13,0,62.88,88.04,0.0
2025-03-14,0,60.72,80.81,0.0
2025-03-15,0,64.79,84.45,0.0
2025-03-16,0,65.04,85.9,0.0
2025-03-17,0,71.75,96.49,0.0
2025-03-18,0,73.84,99.97,0.0
2025-03-19,0,65.95,90.03,0.0
2025-03-20,0,69.64,94.45,0.0
2025-03-21,0,72.14,96.83,0.0
2025-03-22,0,74.37,94.29,0.0
2025-03-23,0,69.28,91.64,0.0
2025-03-24,0,69.16,97.52,0.0
2025-03-25,0,69.26,97.82,0.0
2025-03-26,9,81.45,111.38,8.51
2025-03-27,4,82.31,111.53,7.04
2025-03-28,1,82.42,101.23,1.23
2025-03-29,0,76.64,96.85,0.0
2025-03-30,0,75.27,98.18,0.0
2025-03-31,1,79.34,101.74,1.74
2025-04-01,1,79.27,101.35,1.35
2025-04-02,1,80.04,102.71,2.71
2025-04-03,3,81.56,104.64,3.2
2025-04-04,2,81.42,106.65,3.55
2025-04-05,0,67.84,91.5,0.0
2025-04-06,0,64.32,90.77,0.0
2025-04-07,0,72.52,95.41,0.0
2025-04-08,0,75.24,99.02,0.0
2025-04-09,2,78.31,106.73,6.3
2025-04-10,2,75.54,101.37,0.86
2025-04-11,7,83.05,120.22,9.84
2025-04-12,0,74.6,99.9,0.0
2025-04-13,0,72.8,95.12,0.0
2025-04-14,0,68.77,88.67,0.0
2025-04-15,6,77.05,102.77,1.48
2025-04-16,5,79.26,104.58,2.18
2025-04-17,7,82.05,104.77,2.25
2025-04-18,10,86.18,111.1,6.21
2025-04-19,0,67.44,91.67,0.0
2025-04-20,0,66.64,94.54,0.0
2025-04-21,4,81.39,112.94,5.78
2025-04-22,4,79.43,113.39,6.93
2025-04-23,11,89.94,120.23,11.33
2025-04-24,10,87.51,113.89,10.01
2025-04-25,4,77.88,103.23,1.55
2025-04-26,0,67.35,87.88,0.0
2025-04-27,0,64.53,83.04,0.0
2025-04-28,0,70.94,96.81,0.0
2025-04-29,0,68.15,96.89,0.0
2025-04-30,3,76.36,109.73,6.87
2025-05-01,0,75.44,99.13,0.0
2025-05-02,5,77.55,103.37,1.95
2025-05-03,0,73.25,94.49,0.0
2025-05-04,0,74.79,98.52,0.0
2025-05-05,0,71.23,89.8,0.0
2025-05-06,10,81.19,105.43,3.67
2025-05-07,3,73.23,101.9,1.05
2025-05-08,3,73.38,101.51,1.13
2025-05-09,6,77.73,118.87,9.95
2025-05-10,3,67.63,104.2,2.32
2025-05-11,2,69.18,102.78,1.9
2025-05-12,0,77.21,99.62,0.0
2025-05-13,1,81.52,102.57,2.57
2025-05-14,1,77.2,103.9,3.9
2025-05-15,1,73.66,102.8,2.8
2025-05-16,1,77.88,100.64,0.64
2025-05-17,1,76.18,100.5,0.5
2025-05-18,0,73.19,97.36,0.0
2025-05-19,6,85.27,115.65,7.06
2025-05-20,5,79.87,116.28,9.11
2025-05-21,4,77.13,114.24,8.96
2025-05-22,6,83.94,113.4,9.01
2025-05-23,15,97.49,131.35,14.29
2025-05-24,6,86.13,117.63,7.92
2025-05-25,4,85.35,117.29,9.95
2025-05-26,8,87.91,119.65,8.07
2025-05-27,4,81.83,109.73,6.92
2025-05-28,3,74.14,103.84,2.76
2025-05-29,2,76.36,102.97,2.37
2025-05-30,4,69.62,106.64,3.67
2025-05-31,0,62.11,92.48,0.0
2025-06-01,0,63.11,89.93,0.0
2025-06-02,3,76.48,108.31,6.79
2025-06-03,0,72.65,99.82,0.0
2025-06-04,4,76.85,110.8,6.77
2025-06-05,4,77.23,106.93,4.48
2025-06-06,1,73.45,100.11,0.11
2025-06-07,3,75.95,106.87,4.12
2025-06-08,6,79.81,116.4,8.75
2025-06-09,7,83.91,123.53,13.7
2025-06-10,5,78.09,114.66,8.95
2025-06-11,4,76.26,111.52,9.07
2025-06-12,6,83.6,121.51,12.45
2025-06-13,6,81.05,113.74,8.01
2025-06-14,6,79.29,109.77,5.3
2025-06-15,7,81.47,119.83,11.27
2025-06-16,8,85.18,122.87,14.9
2025-06-17,7,81.27,118.91,11.72
2025-06-18,4,73.09,107.83,6.29
2025-06-19,6,77.5,114.81,9.17
2025-06-20,7,87.75,126.28,15.73
2025-06-21,4,79.54,113.87,6.33
2025-06-22,3,77.29,111.01,7.17
2025-06-23,3,74.57,106.18,4.23
2025-06-24,3,76.18,106.05,4.5
2025-06-25,2,71.54,102.51,2.12
2025-06-26,3,69.92,107.46,4.73
2025-06-27,3,68.86,104.06,2.68
2025-06-28,3,67.88,103.96,2.58
2025-06-29,3,67.14,106.42,3.73
2025-06-30,5,70.47,110.09,6.17
2025-07-01,1,68.16,100.35,0.35
2025-07-02,1,67.32,100.26,0.26
2025-07-03,0,64.34,91.57,0.0
2025-07-04,0,66.64,97.03,0.0
2025-07-05,3,72.19,106.7,4.01
2025-07-06,5,73.76,111.17,7.39
2025-07-07,0,60.78,91.8,0.0
2025-07-08,5,68.31,104.01,2.7
2025-07-09,7,79.17,118.42,12.76
2025-07-10,4,71.0,106.99,5.11
2025-07-11,4,73.08,107.24,5.32
2025-07-12,3,72.92,105.27,4.36
2025-07-13,5,71.72,110.02,5.26
2025-07-14,0,61.18,89.34,0.0
2025-07-15,5,74.73,109.25,5.74
2025-07-16,2,71.92,101.89,1.42
2025-07-17,0,66.35,94.4,0.0
2025-07-18,2,69.98,104.28,4.15
2025-07-19,3,71.6,106.97,4.52
2025-07-20,1,65.14,100.49,0.49
2025-07-21,2,68.64,100.8,0.69
2025-07-22,1,71.42,105.21,5.21
2025-07-23,2,71.24,103.12,2.31
2025-07-24,0,64.51,93.9,0.0
2025-07-25,4,75.61,110.04,6.37
2025-07-26,3,78.68,109.49,7.69
2025-07-27,6,80.1,113.24,8.33
2025-07-28,6,80.17,119.08,13.17
2025-07-29,5,77.53,116.99,11.32
2025-07-30,6,75.96,110.82,6.28
2025-07-31,3,71.29,107.7,3.64
2025-08-01,4,72.42,106.92,3.95
2025-08-02,5,75.15,111.99,7.46
2025-08-03,6,78.12,120.14,11.64
2025-08-04,4,74.77,104.84,2.86
2025-08-05,3,69.76,105.29,3.63
2025-08-06,3,66.71,104.08,1.81
2025-08-07,0,64.5,96.5,0.0
2025-08-08,0,60.98,96.3,0.0
2025-08-09,0,60.3,92.36,0.0
2025-08-10,0,62.56,94.25,0.0
2025-08-11,2,67.21,102.32,1.76
2025-08-12,5,69.57,112.6,7.76
2025-08-13,4,70.07,104.49,3.2
2025-08-14,3,70.95,106.91,5.21
2025-08-15,2,68.2,103.13,2.57
2025-08-16,0,67.99,99.64,0.0
2025-08-17,0,66.7,98.0,0.0
2025-08-18,3,66.94,101.33,0.83
2025-08-19,4,68.19,105.46,3.01
2025-08-20,3,65.82,104.15,2.97
2025-08-21,0,59.58,96.47,0.0
2025-08-22,0,62.24,99.52,0.0
2025-08-23,0,56.03,84.0,0.0
2025-08-24,2,63.62,101.49,1.1
2025-08-25,5,69.18,113.07,6.73
2025-08-26,0,55.08,89.55,0.0
2025-08-27,0,60.79,94.35,0.0
2025-08-28,0,49.78,71.12,0.0
2025-08-29,1,61.78,101.41,1.41
2025-08-30,6,76.56,122.61,16.46
2025-08-31,0,59.11,95.68,0.0
2025-09-01,0,57.81,97.49,0.0
2025-09-02,0,55.44,99.96,0.0
2025-09-03,4,63.89,107.96,5.03
2025-09-04,2,64.82,101.77,1.25
2025-09-05,2,65.61,101.85,1.55
2025-09-06,0,51.51,83.89,0.0
2025-09-07,0,50.49,80.85,0.0
2025-09-08,4,67.32,111.53,6.98
2025-09-09,4,70.26,108.84,5.32
2025-09-10,10,86.71,129.43,13.19
2025-09-11,0,66.0,95.1,0.0
2025-09-12,2,69.25,104.41,3.3
2025-09-13,1,66.89,100.76,0.76
2025-09-14,1,64.07,100.76,0.76
2025-09-15,0,61.34,97.81,0.0
2025-09-16,0,57.71,97.51,0.0
2025-09-17,0,51.42,74.55,0.0
2025-09-18,0,47.65,67.0,0.0
2025-09-19,0,62.18,96.88,0.0
2025-09-20,0,59.88,94.65,0.0
2025-09-21,0,55.82,80.54,0.0
2025-09-22,0,59.16,93.89,0.0
2025-09-23,0,59.24,95.97,0.0
2025-09-24,2,65.84,101.95,1.9
2025-09-25,1,62.28,100.13,0.13
2025-09-26,0,68.06,93.17,0.0
2025-09-27,0,55.38,80.43,0.0
2025-09-28,0,59.05,88.76,0.0
2025-09-29,0,60.22,93.66,0.0
2025-09-30,3,72.99,106.31,4.24
2025-10-01,1,69.7,103.92,3.92
2025-10-02,0,62.83,89.2,0.0
2025-10-03,0,69.66,96.54,0.0
2025-10-04,0,55.28,72.08,0.0
2025-10-05,0,60.52,93.9,0.0
2025-10-06,0,61.41,98.11,0.0
2025-10-07,0,53.93,84.97,0.0
2025-10-08,0,56.19,89.2,0.0
2025-10-09,0,50.06,67.67,0.0
2025-10-10,0,47.43,73.99,0.0
2025-10-11,0,64.8,92.42,0.0
2025-10-12,0,60.33,82.34,0.0
2025-10-13,0,54.67,77.38,0.0
2025-10-14,0,49.0,70.08,0.0
2025-10-15,0,59.65,81.26,0.0
2025-10-16,0,54.75,82.55,0.0
2025-10-17,0,56.36,81.15,0.0
2025-10-18,0,51.2,74.68,0.0
2025-10-19,0,47.25,75.93,0.0
2025-10-20,0,59.78,89.53,0.0
2025-10-21,0,45.65,66.75,0.0
2025-10-22,0,60.0,88.51,0.0
2025-10-23,0,63.38,90.33,0.0
2025-10-24,0,58.73,88.58,0.0
2025-10-25,0,59.47,82.11,0.0
2025-10-26,0,62.28,86.99,0.0
2025-10-27,0,60.84,80.67,0.0
2025-10-28,0,59.7,88.09,0.0
2025-10-29,0,54.37,86.65,0.0
2025-10-30,0,54.42,82.18,0.0
2025-10-31,0,54.48,83.02,0.0
2025-11-01,0,56.95,83.33,0.0
2025-11-02,0,56.15,83.94,0.0
2025-11-03,0,58.22,84.83,0.0
2025-11-04,0,57.19,83.99,0.0
2025-11-05,0,57.37,75.5,0.0
2025-11-06,0,66.49,93.26,0.0
2025-11-07,0,60.64,84.01,0.0
2025-11-08,0,57.09,83.91,0.0
2025-11-09,0,59.05,87.04,0.0
2025-11-10,0,56.04,85.79,0.0
2025-11-11,0,52.1,70.19,0.0
2025-11-12,0,44.57,59.05,0.0
2025-11-13,0,54.32,83.73,0.0
2025-11-14,0,43.33,58.15,0.0
2025-11-15,0,38.89,48.9,0.0
2025-11-16,0,50.1,63.63,0.0
2025-11-17,0,50.31,65.77,0.0
2025-11-18,0,49.56,71.51,0.0
2025-11-19,0,52.11,72.5,0.0
2025-11-20,0,50.59,69.7,0.0
2025-11-21,0,42.13,54.68,0.0
2025-11-22,0,42.98,58.15,0.0
2025-11-23,0,59.22,82.05,0.0
2025-11-24,0,58.11,75.82,0.0
2025-11-25,0,53.78,73.28,0.0
2025-11-26,0,56.11,81.88,0.0
2025-11-27,0,46.32,63.79,0.0
2025-11-28,0,59.7,76.37,0.0
2025-11-29,0,52.62,65.76,0.0
2025-11-30,0,53.15,72.4,0.0
2025-12-01,0,57.22,78.28,0.0
2025-12-02,0,56.35,74.39,0.0
2025-12-03,0,55.69,74.03,0.0
2025-12-04,0,51.43,67.85,0.0
2025-12-05,0,57.52,75.08,0.0
2025-12-06,0,57.28,75.67,0.0
2025-12-07,0,49.76,66.52,0.0
2025-12-08,0,52.29,69.47,0.0
2025-12-09,0,52.76,68.9,0.0
2025-12-10,0,49.31,64.67,0.0
2025-12-11,0,50.19,69.81,0.0
2025-12-12,0,47.73,62.66,0.0
2025-12-13,0,49.61,65.25,0.0
2025-12-14,0,46.32,64.1,0.0
2025-12-15,0,50.04,67.12,0.0
2025-12-16,0,48.82,64.21,0.0
2025-12-17,0,50.64,67.25,0.0
2025-12-18,0,50.21,64.04,0.0
2025-12-19,0,60.27,79.97,0.0
2025-12-20,0,60.98,80.91,0.0
2025-12-21,0,58.0,81.8,0.0
2025-12-22,0,56.0,75.24,0.0
2025-12-23,0,42.87,55.31,0.0
2025-12-24,0,46.53,57.08,0.0
2025-12-25,0,56.9,70.35,0.0
2025-12-26,0,58.09,72.13,0.0
2025-12-27,0,65.84,81.74,0.0
2025-12-28,0,61.77,78.48,0.0
2025-12-29,0,63.29,83.35,0.0
2025-12-30,0,50.07,63.5,0.0
2025-12-31,0,44.98,60.13,0.0
2026-01-01,0,52.01,66.8,0.0
2026-01-02,0,56.8,75.05,0.0
2026-01-03,0,51.38,64.55,0.0
2026-01-04,0,56.78,72.32,0.0
2026-01-05,0,56.56,77.8,0.0
2026-01-06,0,49.5,65.87,0.0
2026-01-07,0,55.21,74.47,0.0
2026-01-08,0,65.25,90.95,0.0
2026-01-09,0,60.21,86.03,0.0
2026-01-10,0,60.52,90.21,0.0
2026-01-11,0,58.37,88.17,0.0
2026-01-12,0,56.74,81.02,0.0
2026-01-13,0,55.57,80.54,0.0
2026-01-14,0,55.61,79.72,0.0
2026-01-15,0,56.47,78.51,0.0
2026-01-16,0,56.64,79.52,0.0
2026-01-17,0,58.4,79.27,0.0
2026-01-18,0,59.84,76.23,0.0
2026-01-19,0,56.42,77.19,0.0
2026-01-20,0,51.73,70.14,0.0
2026-01-21,0,42.97,58.98,0.0
2026-01-22,0,45.18,62.26,0.0
2026-01-23,0,51.28,74.23,0.0
2026-01-24,0,56.04,75.54,0.0
2026-01-25,0,51.26,79.8,0.0
2026-01-26,0,51.81,73.58,0.0
2026-01-27,0,56.4,83.6,0.0
2026-01-28,0,50.81,75.1,0.0
2026-01-29,0,57.06,85.39,0.0
2026-01-30,0,54.48,83.5,0.0
2026-01-31,0,60.2,91.62,0.0
2026-02-01,0,60.0,89.09,0.0
2026-02-02,0,60.09,87.16,0.0
2026-02-03,0,59.8,88.68,0.0
2026-02-04,0,58.53,88.9,0.0
2026-02-05,0,50.72,74.79,0.0
2026-02-06,0,52.26,84.18,0.0
2026-02-07,0,66.09,97.98,0.0
2026-02-08,0,64.9,95.53,0.0
2026-02-09,0,57.62,77.79,0.0
2026-02-10,0,45.79,60.76,0.0
2026-02-11,0,51.52,69.44,0.0
2026-02-12,0,63.04,90.63,0.0
2026-02-13,0,61.97,93.29,0.0
2026-02-14,0,61.37,86.98,0.0
2026-02-15,0,61.19,90.42,0.0
2026-02-16,0,46.9,56.14,0.0
2026-02-17,0,60.45,78.55,0.0
2026-02-18,0,62.29,88.07,0.0
2026-02-19,0,58.16,76.37,0.0
2026-02-20,0,58.02,83.35,0.0
2026-02-21,0,61.12,95.62,0.0
2026-02-22,0,60.26,92.92,0.0
2026-02-23,0,60.1,90.61,0.0
2026-02-24,0,63.58,87.31,0.0
2026-02-25,0,67.6,91.13,0.0
2026-02-26,0,69.49,95.34,0.0
2026-02-27,0,63.35,90.82,0.0
2026-02-28,0,69.11,97.41,0.0
2026-03-01,2,72.51,101.39,0.75
2026-03-02,0,75.14,98.93,0.0
2026-03-03,5,72.63,105.47,2.48
2026-03-04,0,70.24,98.95,0.0
2026-03-05,0,72.78,92.22,0.0
2026-03-06,1,73.51,100.89,0.89
2026-03-07,0,68.58,90.12,0.0
2026-03-08,0,67.16,96.91,0.0
2026-03-09,0,68.63,91.09,0.0
2026-03-10,2,76.16,101.68,1.28
2026-03-11,0,69.62,89.32,0.0
2026-03-12,0,68.21,93.58,0.0
2026-03-13,0,65.35,88.82,0.0
2026-03-14,3,77.76,103.59,1.98
2026-03-15,7,79.34,106.48,4.07
2026-03-16,0,65.23,95.2,0.0
2026-03-17,0,62.55,88.85,0.0
2026-03-18,0,56.25,81.69,0.0
2026-03-19,0,58.94,83.27,0.0
2026-03-20,0,56.46,82.91,0.0
2026-03-21,0,68.46,97.22,0.0
2026-03-22,7,79.62,114.2,5.84
2026-03-23,1,75.12,101.38,1.38
2026-03-24,0,70.25,97.21,0.0
2026-03-25,0,71.15,94.18,0.0
2026-03-26,0,74.72,99.36,0.0
2026-03-27,0,67.31,94.83,0.0
2026-03-28,2,73.96,100.09,0.09
2026-03-29,7,78.25,107.88,4.16
2026-03-30,0,64.62,88.94,0.0
2026-03-31,0,48.97,63.53,0.0
